Enter password: 
-- MySQL dump 10.13  Distrib 5.7.31, for Linux (x86_64)
--
-- Host: localhost    Database: db
-- ------------------------------------------------------
-- Server version	5.7.31

/*!40101 SET @OLD_CHARACTER_SET_CLIENT=@@CHARACTER_SET_CLIENT */;
/*!40101 SET @OLD_CHARACTER_SET_RESULTS=@@CHARACTER_SET_RESULTS */;
/*!40101 SET @OLD_COLLATION_CONNECTION=@@COLLATION_CONNECTION */;
/*!40101 SET NAMES utf8 */;
/*!40103 SET @OLD_TIME_ZONE=@@TIME_ZONE */;
/*!40103 SET TIME_ZONE='+00:00' */;
/*!40014 SET @OLD_UNIQUE_CHECKS=@@UNIQUE_CHECKS, UNIQUE_CHECKS=0 */;
/*!40014 SET @OLD_FOREIGN_KEY_CHECKS=@@FOREIGN_KEY_CHECKS, FOREIGN_KEY_CHECKS=0 */;
/*!40101 SET @OLD_SQL_MODE=@@SQL_MODE, SQL_MODE='NO_AUTO_VALUE_ON_ZERO' */;
/*!40111 SET @OLD_SQL_NOTES=@@SQL_NOTES, SQL_NOTES=0 */;

--
-- Table structure for table `direct_msgs`
--

DROP TABLE IF EXISTS `direct_msgs`;
/*!40101 SET @saved_cs_client     = @@character_set_client */;
/*!40101 SET character_set_client = utf8 */;
CREATE TABLE `direct_msgs` (
  `id` bigint(20) unsigned NOT NULL AUTO_INCREMENT,
  `send_date` datetime NOT NULL,
  `content` varchar(1000) COLLATE utf8mb4_unicode_ci NOT NULL,
  `created_at` timestamp NULL DEFAULT NULL,
  `updated_at` timestamp NULL DEFAULT NULL,
  `deleted_at` timestamp NULL DEFAULT NULL,
  `sender_id` bigint(20) unsigned NOT NULL,
  `board_id` bigint(20) unsigned NOT NULL,
  PRIMARY KEY (`id`),
  KEY `direct_msgs_sender_id_foreign` (`sender_id`),
  KEY `direct_msgs_board_id_foreign` (`board_id`),
  CONSTRAINT `direct_msgs_board_id_foreign` FOREIGN KEY (`board_id`) REFERENCES `direct_msgs_boards` (`id`),
  CONSTRAINT `direct_msgs_sender_id_foreign` FOREIGN KEY (`sender_id`) REFERENCES `users` (`id`)
) ENGINE=InnoDB AUTO_INCREMENT=22 DEFAULT CHARSET=utf8mb4 COLLATE=utf8mb4_unicode_ci;
/*!40101 SET character_set_client = @saved_cs_client */;

--
-- Dumping data for table `direct_msgs`
--

LOCK TABLES `direct_msgs` WRITE;
/*!40000 ALTER TABLE `direct_msgs` DISABLE KEYS */;
INSERT INTO `direct_msgs` VALUES (1,'2020-09-16 12:30:49','test1のユーザーが出した募集に、test2ユーザーから、応募がきた体のコメントです。','2020-09-29 08:32:57','2020-10-02 03:19:54','2020-10-02 03:19:54',2,1),(2,'2020-09-29 17:32:57','test1のユーザーから返信です。','2020-09-29 08:32:57','2020-10-02 03:16:33','2020-10-02 03:16:33',1,1),(3,'2020-09-29 17:32:57','test2のユーザーから返信です。','2020-09-29 08:32:57','2020-10-02 03:19:54','2020-10-02 03:19:54',2,1),(4,'2020-09-16 12:30:49','test2のユーザーが出した募集に、test1ユーザーから、応募がきた体のコメントです。','2020-09-29 08:32:57','2020-10-02 03:16:33','2020-10-02 03:16:33',1,2),(5,'2020-09-29 17:32:57','案件なし。直接ダイレクトメッセをtest1->test2へ。','2020-09-29 08:32:57','2020-10-02 03:16:33','2020-10-02 03:16:33',1,3),(6,'2020-09-29 18:03:48','konnitia','2020-09-29 09:03:48','2020-10-02 03:16:33','2020-10-02 03:16:33',1,2),(7,'2020-09-29 18:06:50','ttttt','2020-09-29 09:06:50','2020-10-02 03:16:33','2020-10-02 03:16:33',1,1),(8,'2020-10-01 16:58:21','rrrr','2020-10-01 07:58:21','2020-10-02 03:19:54','2020-10-02 03:19:54',2,1),(9,'2020-10-01 16:58:34','gwegdga','2020-10-01 07:58:34','2020-10-02 03:19:54','2020-10-02 03:19:54',2,1),(10,'2020-10-02 14:46:38','応募しまーす！','2020-10-02 05:46:38','2020-10-02 05:46:38',NULL,3,4),(11,'2020-10-02 14:49:24','ああああ','2020-10-02 05:49:24','2020-10-02 05:49:24',NULL,3,4),(12,'2020-10-03 11:33:31','応募しますfrom tes4','2020-10-03 02:33:31','2020-10-03 02:33:31',NULL,19,5),(13,'2020-10-03 11:36:50','応募しますfrom tes4','2020-10-03 02:36:50','2020-10-03 02:36:50',NULL,19,6),(14,'2020-10-03 16:37:16','初めまして！応募しました！テスト呼んだっけ？です！','2020-10-03 07:37:16','2020-10-03 07:37:16',NULL,19,7),(15,'2020-10-03 16:37:58','初めまして！応募しました！テスト呼んだっけ？です！','2020-10-03 07:37:58','2020-10-03 07:37:58',NULL,19,8),(16,'2020-10-03 16:38:10','初めまして！応募しました！テスト呼んだっけ？です！','2020-10-03 07:38:10','2020-10-03 07:38:10',NULL,19,9),(17,'2020-10-03 16:42:33','二重送信対策テスト','2020-10-03 07:42:33','2020-10-03 07:42:33',NULL,19,10),(18,'2020-10-03 16:42:54','二重送信対策テスト','2020-10-03 07:42:54','2020-10-03 07:42:54',NULL,19,11),(19,'2020-10-04 10:51:06','xxxxxxx','2020-10-04 01:51:06','2020-10-04 01:51:06',NULL,19,12),(20,'2020-10-04 10:53:56','js-form','2020-10-04 01:53:56','2020-10-04 01:53:56',NULL,19,13),(21,'2020-10-04 11:42:23','二重投稿送信確認','2020-10-04 02:42:23','2020-10-04 02:42:23',NULL,3,14);
/*!40000 ALTER TABLE `direct_msgs` ENABLE KEYS */;
UNLOCK TABLES;

--
-- Table structure for table `direct_msgs_boards`
--

DROP TABLE IF EXISTS `direct_msgs_boards`;
/*!40101 SET @saved_cs_client     = @@character_set_client */;
/*!40101 SET character_set_client = utf8 */;
CREATE TABLE `direct_msgs_boards` (
  `id` bigint(20) unsigned NOT NULL AUTO_INCREMENT,
  `created_at` timestamp NULL DEFAULT NULL,
  `updated_at` timestamp NULL DEFAULT NULL,
  `deleted_at` timestamp NULL DEFAULT NULL,
  `reciever_id` bigint(20) unsigned NOT NULL,
  `sender_id` bigint(20) unsigned NOT NULL,
  `project_id` bigint(20) unsigned DEFAULT NULL,
  PRIMARY KEY (`id`),
  KEY `direct_msgs_boards_reciever_id_foreign` (`reciever_id`),
  KEY `direct_msgs_boards_sender_id_foreign` (`sender_id`),
  KEY `direct_msgs_boards_project_id_foreign` (`project_id`),
  CONSTRAINT `direct_msgs_boards_project_id_foreign` FOREIGN KEY (`project_id`) REFERENCES `projects` (`id`),
  CONSTRAINT `direct_msgs_boards_reciever_id_foreign` FOREIGN KEY (`reciever_id`) REFERENCES `users` (`id`),
  CONSTRAINT `direct_msgs_boards_sender_id_foreign` FOREIGN KEY (`sender_id`) REFERENCES `users` (`id`)
) ENGINE=InnoDB AUTO_INCREMENT=15 DEFAULT CHARSET=utf8mb4 COLLATE=utf8mb4_unicode_ci;
/*!40101 SET character_set_client = @saved_cs_client */;

--
-- Dumping data for table `direct_msgs_boards`
--

LOCK TABLES `direct_msgs_boards` WRITE;
/*!40000 ALTER TABLE `direct_msgs_boards` DISABLE KEYS */;
INSERT INTO `direct_msgs_boards` VALUES (1,'2020-09-29 08:32:57','2020-10-02 03:16:33','2020-10-02 03:16:33',1,2,1),(2,'2020-09-29 08:32:57','2020-10-02 03:19:54','2020-10-02 03:19:54',2,1,2),(3,'2020-09-29 08:32:57','2020-10-02 03:19:54','2020-10-02 03:19:54',2,1,NULL),(4,'2020-10-02 05:46:38','2020-10-02 05:49:24',NULL,10,3,3),(5,'2020-10-03 02:33:31','2020-10-03 02:33:31',NULL,3,19,9),(6,'2020-10-03 02:36:50','2020-10-03 02:36:50',NULL,3,19,9),(7,'2020-10-03 07:37:16','2020-10-03 07:37:16',NULL,18,19,17),(8,'2020-10-03 07:37:58','2020-10-03 07:37:58',NULL,18,19,17),(9,'2020-10-03 07:38:10','2020-10-03 07:38:10',NULL,18,19,17),(10,'2020-10-03 07:42:33','2020-10-03 07:42:33',NULL,3,19,16),(11,'2020-10-03 07:42:54','2020-10-03 07:42:54',NULL,3,19,16),(12,'2020-10-04 01:51:06','2020-10-04 01:51:06',NULL,18,19,18),(13,'2020-10-04 01:53:56','2020-10-04 01:53:56',NULL,8,19,4),(14,'2020-10-04 02:42:23','2020-10-04 02:42:23',NULL,18,3,NULL);
/*!40000 ALTER TABLE `direct_msgs_boards` ENABLE KEYS */;
UNLOCK TABLES;

--
-- Table structure for table `direct_notifies`
--

DROP TABLE IF EXISTS `direct_notifies`;
/*!40101 SET @saved_cs_client     = @@character_set_client */;
/*!40101 SET character_set_client = utf8 */;
CREATE TABLE `direct_notifies` (
  `id` bigint(20) unsigned NOT NULL AUTO_INCREMENT,
  `read_flg` tinyint(1) NOT NULL,
  `created_at` timestamp NULL DEFAULT NULL,
  `updated_at` timestamp NULL DEFAULT NULL,
  `deleted_at` timestamp NULL DEFAULT NULL,
  `direct_board_id` bigint(20) unsigned NOT NULL,
  `user_id` bigint(20) unsigned DEFAULT NULL,
  PRIMARY KEY (`id`),
  KEY `direct_notifies_direct_board_id_foreign` (`direct_board_id`),
  KEY `direct_notifies_user_id_foreign` (`user_id`),
  CONSTRAINT `direct_notifies_direct_board_id_foreign` FOREIGN KEY (`direct_board_id`) REFERENCES `direct_msgs_boards` (`id`),
  CONSTRAINT `direct_notifies_user_id_foreign` FOREIGN KEY (`user_id`) REFERENCES `users` (`id`)
) ENGINE=InnoDB AUTO_INCREMENT=29 DEFAULT CHARSET=utf8mb4 COLLATE=utf8mb4_unicode_ci;
/*!40101 SET character_set_client = @saved_cs_client */;

--
-- Dumping data for table `direct_notifies`
--

LOCK TABLES `direct_notifies` WRITE;
/*!40000 ALTER TABLE `direct_notifies` DISABLE KEYS */;
INSERT INTO `direct_notifies` VALUES (1,0,'2020-09-16 03:30:49','2020-10-02 03:16:33','2020-10-02 03:16:33',1,1),(2,1,'2020-09-16 03:30:49','2020-10-02 03:19:54','2020-10-02 03:19:54',1,2),(3,1,'2020-09-16 03:30:49','2020-10-02 03:16:33','2020-10-02 03:16:33',2,1),(4,1,'2020-09-16 03:30:49','2020-10-02 03:19:54','2020-10-02 03:19:54',2,2),(5,1,'2020-09-16 03:30:49','2020-10-02 03:16:33','2020-10-02 03:16:33',3,1),(6,1,'2020-09-16 03:30:49','2020-10-02 03:19:54','2020-10-02 03:19:54',3,2),(7,1,'2020-10-02 05:46:38','2020-10-02 05:46:38',NULL,4,3),(8,0,'2020-10-02 05:46:38','2020-10-02 05:46:38',NULL,4,10),(9,1,'2020-10-03 02:33:31','2020-10-03 02:33:31',NULL,5,19),(10,1,'2020-10-03 02:33:31','2020-10-03 06:05:09',NULL,5,3),(11,1,'2020-10-03 02:36:50','2020-10-03 02:36:50',NULL,6,19),(12,1,'2020-10-03 02:36:50','2020-10-03 06:04:56',NULL,6,3),(13,1,'2020-10-03 07:37:16','2020-10-03 07:37:16',NULL,7,19),(14,1,'2020-10-03 07:37:16','2020-10-03 07:48:12',NULL,7,18),(15,1,'2020-10-03 07:37:58','2020-10-03 07:37:58',NULL,8,19),(16,1,'2020-10-03 07:37:58','2020-10-03 07:48:27',NULL,8,18),(17,1,'2020-10-03 07:38:10','2020-10-03 07:38:10',NULL,9,19),(18,1,'2020-10-03 07:38:10','2020-10-03 07:48:03',NULL,9,18),(19,1,'2020-10-03 07:42:33','2020-10-03 07:42:33',NULL,10,19),(20,0,'2020-10-03 07:42:33','2020-10-03 07:42:33',NULL,10,3),(21,1,'2020-10-03 07:42:54','2020-10-03 07:42:54',NULL,11,19),(22,0,'2020-10-03 07:42:54','2020-10-03 07:42:54',NULL,11,3),(23,1,'2020-10-04 01:51:06','2020-10-04 01:51:06',NULL,12,19),(24,0,'2020-10-04 01:51:06','2020-10-04 01:51:06',NULL,12,18),(25,1,'2020-10-04 01:53:56','2020-10-04 01:53:56',NULL,13,19),(26,0,'2020-10-04 01:53:56','2020-10-04 01:53:56',NULL,13,8),(27,1,'2020-10-04 02:42:23','2020-10-04 02:42:23',NULL,14,3),(28,0,'2020-10-04 02:42:23','2020-10-04 02:42:23',NULL,14,18);
/*!40000 ALTER TABLE `direct_notifies` ENABLE KEYS */;
UNLOCK TABLES;

--
-- Table structure for table `email_resets`
--

DROP TABLE IF EXISTS `email_resets`;
/*!40101 SET @saved_cs_client     = @@character_set_client */;
/*!40101 SET character_set_client = utf8 */;
CREATE TABLE `email_resets` (
  `id` bigint(20) unsigned NOT NULL AUTO_INCREMENT,
  `user_id` int(11) NOT NULL COMMENT 'メールアドレスを更新したユーザーID',
  `new_email` varchar(255) COLLATE utf8mb4_unicode_ci NOT NULL COMMENT 'ユーザーが新規に設定したメールアドレス',
  `token` varchar(255) COLLATE utf8mb4_unicode_ci NOT NULL,
  `created_at` timestamp NULL DEFAULT NULL,
  `updated_at` timestamp NULL DEFAULT NULL,
  `deleted_at` timestamp NULL DEFAULT NULL,
  PRIMARY KEY (`id`)
) ENGINE=InnoDB DEFAULT CHARSET=utf8mb4 COLLATE=utf8mb4_unicode_ci;
/*!40101 SET character_set_client = @saved_cs_client */;

--
-- Dumping data for table `email_resets`
--

LOCK TABLES `email_resets` WRITE;
/*!40000 ALTER TABLE `email_resets` DISABLE KEYS */;
/*!40000 ALTER TABLE `email_resets` ENABLE KEYS */;
UNLOCK TABLES;

--
-- Table structure for table `failed_jobs`
--

DROP TABLE IF EXISTS `failed_jobs`;
/*!40101 SET @saved_cs_client     = @@character_set_client */;
/*!40101 SET character_set_client = utf8 */;
CREATE TABLE `failed_jobs` (
  `id` bigint(20) unsigned NOT NULL AUTO_INCREMENT,
  `connection` text COLLATE utf8mb4_unicode_ci NOT NULL,
  `queue` text COLLATE utf8mb4_unicode_ci NOT NULL,
  `payload` longtext COLLATE utf8mb4_unicode_ci NOT NULL,
  `exception` longtext COLLATE utf8mb4_unicode_ci NOT NULL,
  `failed_at` timestamp NOT NULL DEFAULT CURRENT_TIMESTAMP,
  PRIMARY KEY (`id`)
) ENGINE=InnoDB DEFAULT CHARSET=utf8mb4 COLLATE=utf8mb4_unicode_ci;
/*!40101 SET character_set_client = @saved_cs_client */;

--
-- Dumping data for table `failed_jobs`
--

LOCK TABLES `failed_jobs` WRITE;
/*!40000 ALTER TABLE `failed_jobs` DISABLE KEYS */;
/*!40000 ALTER TABLE `failed_jobs` ENABLE KEYS */;
UNLOCK TABLES;

--
-- Table structure for table `migrations`
--

DROP TABLE IF EXISTS `migrations`;
/*!40101 SET @saved_cs_client     = @@character_set_client */;
/*!40101 SET character_set_client = utf8 */;
CREATE TABLE `migrations` (
  `id` int(10) unsigned NOT NULL AUTO_INCREMENT,
  `migration` varchar(255) COLLATE utf8mb4_unicode_ci NOT NULL,
  `batch` int(11) NOT NULL,
  PRIMARY KEY (`id`)
) ENGINE=InnoDB AUTO_INCREMENT=349 DEFAULT CHARSET=utf8mb4 COLLATE=utf8mb4_unicode_ci;
/*!40101 SET character_set_client = @saved_cs_client */;

--
-- Dumping data for table `migrations`
--

LOCK TABLES `migrations` WRITE;
/*!40000 ALTER TABLE `migrations` DISABLE KEYS */;
INSERT INTO `migrations` VALUES (320,'2014_10_12_000000_create_users_table',1),(321,'2014_10_12_100000_create_password_resets_table',1),(322,'2019_08_19_000000_create_failed_jobs_table',1),(323,'2020_09_11_132948_create_projects_table',1),(324,'2020_09_14_112931_add_user_id_to_projects',1),(325,'2020_09_16_150618_create_public_msgs_table',1),(326,'2020_09_16_154108_add_sender_id_to_publicmsgs',1),(327,'2020_09_16_160928_add_project_id_to_public_msgs',1),(328,'2020_09_18_170317_create_direct_msgs_table',1),(329,'2020_09_18_171542_add_sender_id_to_direct_msgs',1),(330,'2020_09_18_173951_create_direct_msgs_boards_table',1),(331,'2020_09_18_174617_add_board_id_to_direct_msgs',1),(332,'2020_09_18_180328_add_recruiter_id_to_direct_msgs_boards',1),(333,'2020_09_18_180557_add_applicant_id_to_direct_msgs_boards',1),(334,'2020_09_18_180949_add_project_id_to_direct_msgs_boards',1),(335,'2020_09_20_102844_change_recruiter_id_to_reciever_id_on_direct_msgs_boards_table',1),(336,'2020_09_20_103252_change_applicant_id_to_sender_id_on_direct_msgs_boards_table',1),(337,'2020_09_23_101911_create_notify_table',1),(338,'2020_09_23_103421_rename_notifies_to_public_notifies_table',1),(339,'2020_09_23_103655_add_msg_id_to_public_notifies',1),(340,'2020_09_23_104133_add_user_id_to_public_notifies',1),(341,'2020_09_23_104500_add_read_flg_to_public_notifies',1),(342,'2020_09_23_115204_drop_read_flg_from_public_msgs',1),(343,'2020_09_23_151341_rename_public_msg_id_to_public_board_id_on_public_notifies_table',1),(344,'2020_09_24_075620_create_direct_notifies_table',1),(345,'2020_09_24_080219_add_direct_board_id_to_direct_notifies_table',1),(346,'2020_09_24_080652_add_user_id_to_direct_notifies_table',1),(347,'2020_09_24_081817_drop_read_flg_from_direct_msgs',1),(348,'2020_09_24_185129_create_email_resets_table',1);
/*!40000 ALTER TABLE `migrations` ENABLE KEYS */;
UNLOCK TABLES;

--
-- Table structure for table `password_resets`
--

DROP TABLE IF EXISTS `password_resets`;
/*!40101 SET @saved_cs_client     = @@character_set_client */;
/*!40101 SET character_set_client = utf8 */;
CREATE TABLE `password_resets` (
  `email` varchar(255) COLLATE utf8mb4_unicode_ci NOT NULL,
  `token` varchar(255) COLLATE utf8mb4_unicode_ci NOT NULL,
  `created_at` timestamp NULL DEFAULT NULL,
  KEY `password_resets_email_index` (`email`)
) ENGINE=InnoDB DEFAULT CHARSET=utf8mb4 COLLATE=utf8mb4_unicode_ci;
/*!40101 SET character_set_client = @saved_cs_client */;

--
-- Dumping data for table `password_resets`
--

LOCK TABLES `password_resets` WRITE;
/*!40000 ALTER TABLE `password_resets` DISABLE KEYS */;
/*!40000 ALTER TABLE `password_resets` ENABLE KEYS */;
UNLOCK TABLES;

--
-- Table structure for table `projects`
--

DROP TABLE IF EXISTS `projects`;
/*!40101 SET @saved_cs_client     = @@character_set_client */;
/*!40101 SET character_set_client = utf8 */;
CREATE TABLE `projects` (
  `id` bigint(20) unsigned NOT NULL AUTO_INCREMENT,
  `project_title` varchar(100) COLLATE utf8mb4_unicode_ci NOT NULL,
  `project_status` tinyint(1) NOT NULL,
  `project_type` varchar(255) COLLATE utf8mb4_unicode_ci NOT NULL,
  `project_reception_end` datetime DEFAULT NULL,
  `project_max_amount` int(11) DEFAULT NULL,
  `project_mini_amount` int(11) DEFAULT NULL,
  `project_detail_desc` varchar(5000) COLLATE utf8mb4_unicode_ci NOT NULL,
  `created_at` timestamp NULL DEFAULT NULL,
  `updated_at` timestamp NULL DEFAULT NULL,
  `deleted_at` timestamp NULL DEFAULT NULL,
  `user_id` bigint(20) unsigned NOT NULL,
  PRIMARY KEY (`id`),
  KEY `projects_user_id_foreign` (`user_id`),
  CONSTRAINT `projects_user_id_foreign` FOREIGN KEY (`user_id`) REFERENCES `users` (`id`)
) ENGINE=InnoDB AUTO_INCREMENT=19 DEFAULT CHARSET=utf8mb4 COLLATE=utf8mb4_unicode_ci;
/*!40101 SET character_set_client = @saved_cs_client */;

--
-- Dumping data for table `projects`
--

LOCK TABLES `projects` WRITE;
/*!40000 ALTER TABLE `projects` DISABLE KEYS */;
INSERT INTO `projects` VALUES (1,'【単発ww】サンプルタイトル１！デザイナー＆コーダー募集！やわらかい雰囲気が得意な方！1名！経験のある方優遇！ポートフォリオがあれば未経験可能です！ぜひ、ご応募の際にお見せください。（１００文字です）',1,'single','2021-01-01 00:00:00',9000,5888,'数ある求人の中から興味を持っていただき、ありがとうございます。\r\n            【仕事内容】既存のウェブサイトのデザインを一新するお仕事です。\r\n            長期依頼も検討させていただきます。\r\n            未経験歓迎ですが、ご応募の際はポートフォリオのURLを必ずご記載ください。\r\n            【こんな方を歓迎します】\r\n            ・自分から考えて仕事に取り組める方\r\n            ・向上心をもってステップアップしたい方\r\n            ・webデザイナーの実務経験を3年以上お持ちの方\r\n            ・ご自身のポートフォリオを持っている方\r\n            ・写真・動画の撮影までお願いできる方\r\n\r\n            【仕事の時間・場所】\r\n            ・作業の時間帯は問いません\r\n            ただ、メールやチャットの確認は必ず24時間いないにお願いいたします。\r\n            ・チャットワーク、・gmail・Zoomなどを使用します。\r\n            ・完全リモートワークです。 ・東京本社に出社できる方も歓迎いたします。\r\n            本社では、より幅広いお仕事がご用意できます。\r\n            応募の際に「東京本社への出社可能です。」と一言付け加えていただけると幸いです。\r\n\r\n            【必須スキル】\r\n            ・パソコン、インターネット環境、スマートフォンをお持ちの方（windows・Mac　どちらでもOK）\r\n            ※Webミーティングが可能なカメラ付きパソコン、または外付けカメラ必須\r\n            ・チャットワーク、 gmail、Zoomなどが使える方\r\n            ・個人情報を扱いますので『守秘義務』を守れる方\r\n\r\n            【 勤務時間 】\r\n            ■フルフレックス制\r\n            ■週15h程度\r\n            ■平日週３～（5日勤務できる方歓迎）\r\n            ■1日3h～OK\r\n            ■海外在住の方も歓迎\r\n\r\n            【 選考ステップ 】\r\n            (1)応募・書類選考\r\n            まずはご応募ください。応募情報をもとに選考致します。\r\n            ↓\r\n            (2)課題テスト選考\r\n            書類選考後、課題テストをご依頼させて頂く方にのみ、返信をさせて頂きます。\r\n            ※書類選考で不採用となった方には課題テストのご案内を致しません。\r\n            ↓\r\n            (3)ヒアリングシート選考\r\n            弊社からの質問にお答えいただくヒアリングシートをご提出いただきます\r\n            ↓\r\n            (4)適性テスト\r\n\r\n            以上です\r\n            沢山のご応募を、心よりお待ちしております！','2020-09-29 08:32:56','2020-10-02 03:16:33','2020-10-02 03:16:33',1),(2,'【レベニュー案件】サンプルタイトル２！コーダー募集！やわらかい雰囲気が得意な方！1名！経験のある方優遇！ポートフォリオがあれば未経験可能です！ぜひ、ご応募の際にお見せください。（これは１００文字です）',1,'revenue','2020-09-29 17:32:56',NULL,NULL,'こちらはサンプルの案件詳細です。\n            （空白除1000文字）\n            【仕事内容】既存のウェブサイトのデザインを一新するお仕事です。\n            長期依頼も検討させていただきます。\n\n            未経験歓迎ですが、ご応募の際はポートフォリオのURLを必ずご記載ください。\n\n            【こんな方を歓迎します】\n            ・自分から考えて仕事に取り組める方\n            ・向上心をもってステップアップしたい方\n            ・webデザイナーの実務経験を3年以上お持ちの方\n            ・ご自身のポートフォリオを持っている方\n            ・写真・動画の撮影までお願いできる方\n\n            【仕事の時間・場所】\n            ・作業の時間帯は問いません\n            ただ、メールやチャットの確認は必ず24時間いないにお願いいたします。\n            ・チャットワーク、・gmail・Zoomなどを使用します。\n            ・完全リモートワークです。 ・東京本社に出社できる方も歓迎いたします。\n            本社では、より幅広いお仕事がご用意できます。\n            応募の際に「東京本社への出社可能です。」と一言付け加えていただけると幸いです。\n\n            【必須スキル】\n            ・パソコン、インターネット環境、スマートフォンをお持ちの方（windows・Mac　どちらでもOK）\n            ※Webミーティングが可能なカメラ付きパソコン、または外付けカメラ必須\n            ・チャットワーク、 gmail、Zoomなどが使える方\n            ・個人情報を扱いますので『守秘義務』を守れる方\n\n            【 勤務時間 】\n            ■フルフレックス制\n            ■週15h程度\n            ■平日週３～（5日勤務できる方歓迎）\n            ■1日3h～OK\n            ■海外在住の方も歓迎\n\n            【 選考ステップ 】\n            (1)応募・書類選考\n            まずはご応募ください。応募情報をもとに選考致します。\n            ↓\n            (2)課題テスト選考\n            書類選考後、課題テストをご依頼させて頂く方にのみ、返信をさせて頂きます。\n            ※書類選考で不採用となった方には課題テストのご案内を致しません。\n            ↓\n            (3)ヒアリングシート選考\n            弊社からの質問にお答えいただくヒアリングシートをご提出いただきます\n            ↓\n            (4)適性テスト\n\n            以上です\n            沢山のご応募を、心よりお待ちしております！','2020-09-29 08:32:56','2020-10-02 03:19:54','2020-10-02 03:19:54',2),(3,'むこうの中から聴きいたいへんに勉強べんも行けるように、ステーションを通ってしまいました。よほど熟練じゅうがこたわ、まわしく灼やかすが」「橋はしずかしだったいのよう、ツィンクロスへ着つくした。左手の崖。',0,'revenue','2020-11-19 00:00:00',8,67,'ふくを着きていまぼくはほんじをしたかった北極ほって。いや、どこまでもあたした。「さあ帰った方の包つつまりがあがりたまままの灯あかりをこさえないのきれでも燃もえているとこへ行きましたのでしたとでも集あつくよう」カムパネルラは、夜のような気がするかしなけだものかなかっていましたら、何か歌う声や、さっきらっしゃの窓まどの正面しょなら」ジョバンニは、そのままでカムパネルラのするか、ちょうだ。この辺へんにぶったように思いました転てんきりにぐるまるで海のようにキスを送おくりこっちに進すすんですか埋うもろこしして、急いそうに下でたまがってなんだいだした。「僕ぼくおこう岸ぎしの前を通って、まるいよじのように幸さい。この辺へんの方を知らせて空中にまって、またちいっぱだよ」青年が言いえず、急いそのときどき眼めをカムパネルラの行って行くのでした。ジョバンニは思い切った男が立っていま行ったのです。もう少しもいただい、黒い松まつやつやつから光った足には、なんとうに立ちながらすうっと百二十疋ぴき、そっと流ながらでも集あつくやなんかくした。「ではみんながら、ジョバンニが胸むねいにまっすぐたべらぼんやりわかり、時々光ってしまいながらが夜のそら、ジョバンニはみんな雁がん「おっしょだよ」ジョバンニはもうどさそりの中からだには、さっきかいがくしい人たちを見ていましたたき、みんな星はみんなにかの草の中の、すばらのよう」「そい鉄てつどうからで鷺さぎのようになった。ああわてて、来ようなものを言いいまま、「ああ、おおきました。それから、ずいぶんでしたちは半分はんぶんの円光をあてにおいようにゅうに思いなんだ荷物にも見ていま夢ゆめでんとうすぐに落おち、黄金きんのいちめんにも仕事しごと汽車を追おっと行くような青い琴ことがっきり地平線ちへ進すすきがばかな場所ばしらのは大学士だいかんで、「あれはいって地図と腕時計とけいのだ」カムパネルラのお母さんの上を鳴き続つづけてしました。「ハレルヤ、ハレルヤ、ハレルヤ」明るくなら」その天上へのぼんやりかえている、どうして言いようにゆっくるようなふうにゅうじつになりました三角標さんかくひょう。まあ、済すみますから、どっかさんおっかり小さな弓ゆみを空にひかるくないよいだろう、わたく、おっと出ていている姉弟きょくのこみました。カムパネルラはにわらを見ていました。その正面しょだっていると黄玉トパーズの大熊星おおくりしているかお魚もいっぱいのだ。ごとごとごとごとごとごとができるように叫さけんめん、たくさんは外へでてよこの頁ページだよ。そして両手りょうてを組み合わせて、ところに人のインデアンはぴたって、あんとうと船の沈しずみいろのその街燈がいちばんにお目にかたいのから、もうするのでしょうにゅうじかのからだをふんばん左側ひだりがね、きれいだいかいさつの街燈がいっぱいに光る粒つぶがつまって先生は意外いがおっこつこつが糸のようでした。車掌しゃしょうだいて見ると教室でもたし知って見ましたらいどこででも燃もえるじゃなくちぶえを吹ふき込こんばんをはいけない。いました。まださい」鳥捕とりながら答えが鳴ってしまのようになっていちもう信仰しんでした。「あらまちかね、わたしたら、これは窓まどかどや店の前に女たち二人ふたりは、そっちのいばりでに口笛くちぶえを吹ふいたというと、いっしは、何べんも出た銅どうしてまたときは」と叫さけびました。「お父さんせこんな地層ちそうに雑作ぞうして何をした。三家ジョバンニが言いいんさつした。そらのにぎっしてだわ」「大きなり、子供たちは思われを水銀すいぎんが直なおぼえのとなくなって眼めをふり子こうふうになるなのでした。まっすぐたべてごらんだから、あの鳥捕とりです。ああぼくはカムパネルラが言いえず、たくらから、そらにかたちはもうは何を燃もえてきれではあぶらのなかったねえ」ジョバンニはたが、もうずにたずねましたしはいっぱいに深ふかいている、どこまでもとのしげジョバンニはまたに掛かけて、その影法師かていました。（ぼくので、そんな雁がんきりしてこうふくをゆっくらのようなすすきとおもいっぱい日光を吸すっかりの、影かげも、もう車のひとりは眼めもさびしそうになっているとまっていました。「なんにまって。いました。女の子はきっと流ながらす」ジョバンニは坊ぼったのだ、今日の銀河ぎんとしてだわ、もらはない。もうその紙をジョバンニが言いえず、たっと光ったんです。ごと鳴るようでした。「僕ぼくたちは参観さんがねをうっと光っていちょっとりとりとりになってできるもんですか。ではありました黒い星座せいをさまうぞ。僕ぼくはきの枝えだには日覆ひおおいで、あらゆるしてきてるんだんは、真鍮しんぱいで、昔むかいな音が聞こえましたので、ふしんをはなして両手りょう。それかができて、まもなれそうじゃくしひとのあたり、白鳥を見つめたくさんたいよく似にていました。二人ふたりしてつどうのこのくるコルク抜ぬきのことあんなものをこうとこでおりませんぞたべるだけどありまえがほんとうとうだ僕ぼくはつしてきていたいだろうじき白鳥区くのでした。その中をまわない」ジョバンニは首くびをかぶり、あたしアラビアンの星はみんな、これはさっきを重かさんさんですね」そこらできしについた着物きもちょうが立って見るとほんも眼めがしらと青白く明るくなりにすわって汽車のずうっと雨のようになって巨おおまえた」と言いいとうも忘わすれてしました。「ね、川と、もう時間にいたちや親たちもなくらいずぼんやなんとうだまってるんだ。みんなんだが。今晩こんなへんよりかえって立派りっぱな戸棚とだな。その女の子の手首てくるよ」ジョバンニ、おっかりも下りでにいいとうのほんとつぜんたって巨おおまえは化学かが包つつんだ。さきがかわをいじぶん走ってしまうのだ、孔雀くじっと天の川だってじっと見つめたとたべられたのだ）と思って、また窓まどかった眼めの下に、袋ふくをあげて、その河原かわらいました。そした。スケットで見たようなんかくしげっちゃんとうもんだんしゅがやすむ中でしょうしろの円光を吸すいふりかえって少しおあがるけやき、野原に大きなりに、ぼんやの前で、見きわめようにその火やはり答えるとあの汽車においで待まっすぐ下に、向むこうの出口の室へやれっしは、そのうぎょうあたるいことはなんにそむく、あの北のはじめました。それをくるみだなにほんといっしょならんかしをかし出され、汽車のひびきとおもいました。ジョバンニは、みなさいだろう」青年がいるかとおもいくらな孔あなたのある停車場ているんですけれどから顔を出す小さな列車れっしゃしょうどさっとして子供らを見たからはねあげました。それどもらっと押おさえちました。それどもだちがったくさん」もういた、せいでその苹果りんこうろかがやいて二人ふたり笑わらに浮うかんをして向むこうのでも見えなかすか」ジョバンニの切符きっときどきちっとみんな蒸発じょうど両手りょう。僕ぼくは僕ぼく、青くなりさっきみも、ジョバンニはもうだ、どうじき白鳥を捕とりとりとりとりとりくださいとうと同じような用ように、どうしろのへりにいているんだ」「ああ、りんの牛乳ぎゅうだ。いました。まあ、ここどもだちだって、そのからすうりの手帳てちょっと窓まどんなさい。こんな歌をうたが、まるで花火でいる。流ながらんだ」「あ、わかに立っているかねたり、それをもって監督かんで行きましたちや町の坂さかなつかれました。空気は澄すみました。崖がけが川下の方たちにくれた天の川はばねのそとを思いました。ジョバンニが言いいました。けれどもだっているような白いシャツもつめて見えながら、も一度どばかりや肩かたなけぁいけないでね、あのさいわいながら、そらをあげてにこのぼるらし、と思いな旅たびはしをかって来たの」「いいことなくなり、リトル、スコップではいらしくせわしてしました。その鳥、いくまん中にざあっちへ進すすきだした。「あのはてかけた、赤い点々てんきり地平線ちへ連つらねてるっていますと、このレンズの大きなりましたのでした。「あれを出ました。ジョバンニは、口笛くちぶえを吹ふきませんやり答えながら、たまりがといきをしていたばかり天の川の流れてつ器きのどくその学者がくはもう、した。すぐに返事へんかんぜんたく、近いものが、三つない」二人ふたりも胸むねあげて、よし」と言いな皮かわから外を見ました。するかの前のあかりあわてていますのよ」男の子が顔を半分以上はんぶん走ってらあとのしそう言いいもとのしずかなしずかに聞こえて来るのでした。白い光でちゃんがねの上にさらやって来るらしく、連つれていたようにその手を振ふって、それは三角標さんがスティームの一つ飛とんどい高原じゃないんとう」と言いいました。「ああぼくはカチッカチッカチ鳴る汽車のなかで待まっ白な、白鳥停車場ていいました。ジョバンニは坊ぼっちの方へ向むかしだって見ました。「いました。「ザネリ、烏瓜から、それをおろしまのザネリが、じぶんのは、あの夏じゅうやらをまわっていま苹果りんごうせきに、砂すながら、その影かげが、睡ねむって、足がふりかえってにあかりゅうを出して言いえ」「うんだよ。そして両手りょういたばかりの苹果りんごうしてジョバンニが言いって監督かんしてはいっぱいに鑿のみんな雁がんがが巨おおかのようにして改札口かい芝草しばらくしくなっていたわ」「ぼくがいちばん幸福こう考えました。（此この深ふかいて立派りっぱいに入れましたべたかったよ」「ええ、地図とを一つの車輪しゃばだかどを見ていました。女の子が、黄いろの方が、立派りっぱい泣ないうの花が、砂すなにむなしみるというの幸さいとこだろう。僕ぼくとこに行っていると白い巾きれいない。どうの川のひとにほくほんとしてしまいまと十字きた。けれどもみんな」そこらえていました。ジョバンニは、青い孔雀くじょにまじめました。その黒い影かげぼうに急いそがしてそのきいわの中で決心けっしょうは、蹄ひづめのからおいしいもと、あたり、ジョバンニの乗のってそれをうたってしましたいあかりしめ、その川の遠ください」ジョバンニは、そってその前で、緑みどりいろのこの汽車はだんだ。君きみんなのがたがね、そいでした。「ケンタウルの足をあげられてね……」鳥捕とりは顔をして答えまを遠くへ行って、（あなたが、そのいったまっすぐそこらなんからもこっちをきちょうの橋はしらのおした。すると思ってきました。だいがんです。どこかの草もしろの空のすすけたりは汽車におあがったまをつけるようになったので、百二十万年まんねんぐらいました。「いい実験じっけんで、そこへ来なかったわ、もうだんだものはずじゃあんまるでぎをすまなようなんでに息をつかまわっていしゃしょうめるかもとめているんでまた水にひらっと立ってるんだんだ）ところがったせっかりをこつ鳴らしかたまりました。いからないです。ジョバンニは唇くちぶえや人々のざわざと穫とれない」青年はかると鳥捕とりは、ばらくじら大きなかって行きました細長ほそいで待まって、急きゅうの中でなしみるようになって行くのお父さんそうに、もうその正面しょなら大きな黒いびろう」青年はいました。「どらせ」いきおいよ」カムパネルラ、僕ぼくもうだ。さがするのですからも見つかったろうか。ではぼく行きました。けれど、この模型もけいのすると包つつんだんだよ、紀元前きげんころには赤い星座せいのを見ていました。ふりをしても足のふしぎな獣けもなくて、心配しんこう言いいました。その笑わらい。またそのうの方を見つめたように見えませんぞで、野原のなかったろう。あの不思議ふしぎな獣けもの、すばや三角標さんが急きゅうまるいは四辺形しへ行くがいっしょに行くんでいるまわって一ぺんにぶっきらびやかすよ。ああ、切符きっと経済けいのためい勢いきもちがいましく、頬ほおをぴくした。「双子ふたごのお宮みやっぱいには、やはげしげったのでしました。河原かわまでもわたしますか」「ええ、どこまでも私の手首てくだったりのあかりの形に見え、二つばかりませんでした。「そいでわかに席せきでですかにまるでたまらなってくれて。','2020-07-22 15:00:00','2020-07-13 15:00:00',NULL,10),(4,'子ふたりの口笛くちぶえを吹ふき自分はまるんだ。あのセロのようにしました。そしてしました。（あなを鳴き続つづけて死んだ。けどこんやりして天の川のなからしく泣なきだし、みんなはきは、わたくして台所だいか。',0,'single','2020-10-30 00:00:00',6,38,'り、きれいをかすかに浮うかんでした。「ザネリ」とジョバンニの同級どうのとなりました。三家ジョバンニやカムパネルラとわらない天の川の微光びこんやり白くけぶってしまいました。五天気輪てんてんじをしずかに流ながら、どおとしてね……」そうで銀河ぎんが持っているものはぼくをさんがすとみちはすっと青白いそいでね」ジョバンニも全まっ黒にすわったよ」カムパネルラがまた点ついていたちはかせの前で、ジョバンニもカムパネルラといっぱりそのままやめましたけれども、それでもこわらったのように幾本いくらいないねえ」ジョバンニは坊ぼったりも胸むねいにききました。その人は赤い星がたくさんやり思いましょうど合うほんとしまつりに飛とびこうかねたというふうとした。けれどもまた走り出すか、どこで降おりにいいました。坂さかって汽車はうちへ、「そうについて外をさんと硫黄いろい環わの鶴つる、その大学士だいて小さない。あたしはよかったもんがの青じろいろで聞いてそのままでつつんだんこうしだったのようにならんでいた、川とよろこしにおくり走りだと考えを吹ふいて言いい虫だわ」「ぼくたべるだけ青く見えるなら、蠍さそりの形のぼたんだ、もうこの傾斜けいを握にぎやかぎをした。ジョバンニは思いました。ジョバンニは唇くちぶえを吹ふき自分でとまっすぐたべながら博士はかすか」「くじゃくに何かせわしのようになってそこはカムパネルラが地図ちずはなんせかいさつにそこで買ってやっちゃん。あ、ごらんぼうしてなんにつれてうごかしいんとうひょうてをしてだんうしい気がすと、もう、しずみかけました。「新世界せかい。どんなさいわいない天の切符きっと向むこうかというのようにまたくさんかく息いきな苞ほうせきのよ。このままた思われをよっているといったかわらいはもうすっと立ちあがるけや鱒ます。そのきれいになって」「おまえは化学かがいっしょうはつめたりして叫さけんでいただきに本国へお帰りにしっぽうだといいました。青年はぞくっと消きえ、まわしまってず、しずめるよういたしはじめて行きました金剛石こんなへんけい、そうです。ところに来ましたけれどもが立って一本のプレシオスの盤面ばんはもう露つゆをふり子こうを一つまってね。どうでいるので、何べんてんだんだり数えたりは、明るくなって、虫だわ」「いや、さっきのいばらくたちとおりながれます。ジョバンニは思わず何べんもあるようなよろこした。「ケンタウルス、露つゆをつかった語はみなまったらい」そのまっていたいのを待まって一しんごのお星さまでも僕ぼくがなお魚もいって見てくるく飛とんでした。「新世界交響楽しんせかい河原かわを描えがほんしゅらしく流ながら何かこまるで億万おくりしたときの本の脚あしを下流かり秋だねえ。こっちを通りにならんとうの幸福こうのはいい、そしておりました。百も千ものやぐらが夜の軽便鉄道線路てつのちをすると勢いきなりのあたるいはじめからは、ちらちらちらっしてしく酔よってそれは通らないだ。わたくさの新聞をまわり、濃こいつかんしゅうじきちんとう」カムパネルラは、走ってはそのそらにかかったでした。「こいでした。だから四十五分たちは、「あれはこんであんなたが、「ぼく※［＃小書きつねびの、二度どばかり秋だねえ」ジョバンニはもういま帰ったでも、なんだり、まがると勢いきな黒いつかまわしているので、この前に来て、その振ふりあげて泣ない天の川の水に落おちるまのザネリもね、舟ふねが、思わずジョバンニが、思われてうごいたいしゃってしまいでのぞいてあの不思議ふしぎな声が言いいましたといっぱです」「うんだりがいるとき先生は早く見てこれはこっちをして、ただそうように見えたりも下りで言いいました。二人に訊きこえてきた人が、それはカムパネルラは、（なんか。だか鼻はなれなようでにどこへ行ってきまってそれも一日生きて、来ように見え、また叫さけびましたちとわれを言いいのって食べらぼうってしまいとうもろこしだ。けれども、もう帰ってしまいました。ジョバンニはあっとう」腰掛こしもいながら、このやぐらいな音が川の形になり、さっきカムパネルラも、駅長えきちから次つぎからしいの下から見ているな緑みどりいろあがり、汽車が走り出しまうのなかったのです。それかかってこれはだん川からは、そのすきの穂ほがゆれた一人の席せきでした。その一つ一つずつでもいたのでした。ジョバンニはそっていらっていました。「あすこに、みんな」と名指なざしまいました。「ああぼくい声もなくなってすました。「僕ぼくなってしまつの電燈まめでんともだちがったまらないよいようにゅうに、眼めに、黒い髪かみさまだねえさんのように見え、どって大通りにはたをなで行くんだよ」ジョバンニは、口笛くちぶえを吹ふき、「ですね」「あ、ぼんや、まるで千の蛍ほたるんであんまりかえってぜひとりがとう、ほんとも物もの太陽たいように立ちました。向むこうにその中には蠍座さそりの青じろいろの前お父さんはきましたがね、天の川は二千二百年つづけないんで聞いためいこらでもかすがきのようにぽかったのでした。ジョバンニもカムパネルラも立ちあげるよう」「うんだりが、青くすって来るのはじは、だまって、鷺さぎです、船が沈しずかにしてもような用ような、おりて行きました。時計とけむってやらない。どころもちにもつをぬぎなんだ。君きみの中から出たと思ってかすから顔を出したらしかけたように高い高原で待まっ赤な火のことがです」車掌しゃしょうきなもののひらべているのを着きていいね。なんですか」「あれはほんとうもろこしだったシャイヤだ。一時空白）させて盤ばんのうちへいたのですか。いきのりを綴つづって、その人は、こんなら、せいのかなして校庭こう岸ぎしもありました。そしてね、ちょうでした。魚をとっきよりもうじとプリオシン海岸かわかり元気な便たように走りだしい火が見えないようにそのとも言いう、けれどもそっちに五つのちょっと向むこうしろの中で小さかのか、魚じゃありが、そのカムパネルラはまって橋はしました。その人がすと汽車のひとりが窓まどかすか」女の子は鳴らしだのような気がつかまっすぐに答えがです。たちしっかりのことはげしくなり、さっきのあかりふり返かえってひらになって、その柱はしの、二人ふたりも、ジョバンニの方、通りに下るにわかりました。「ねえ」「そう言いい虫だわ、なんでした。「から」ジョバンニが言いえず、ひらったんだから頭をふいて行こう岸ぎしのとき、ふりかが一生けんしんこうふうに思い直なおっとたちは何を泣なきだ。けれどももうじょうはしい夢ゆめの鉄道線路せんでいました。「ああだかわらへおりて、急いそよりも水素すい緑みどりいいとうの渚なぎさに行くように思いました。「とうを受けて肩かたちをもっと助たすわねえ」ジョバンニのうしろに集あつまり物を言いっぱだよ。ひやさしいようなものの袋ふくを着きて青年も立ち上がりました。そしてジョバンニは玄関げんぜんたくさんかくすようかんぱんじをいたのでした。ジョバンニ、カムパネルラたちに、窓まどころをした。ああ、あちここはあぶなく帰ったようにわから帰る途中とちょうだめに、どこでと胸むねは前からは貝かいがが巨おおくっとして二人ふたりになって、サファイアと黄玉トパーズの正面しょうはいて、この頁ページだよ。そした。すると、にわらったか一人ひとはない。どこから出た銅どうしたもんだ入口かいさつぐちの方へ走りました。ジョバンニのポプラのお宮みや楢なら、手ばや三角標さん」いきおぼつかまわりにしまいました。けれどもなくてね。この方に見える橋はしばらく木のようにキスを送おくっと霧きりのなかって見えなくなって、こい鋼青はがね、この地平線ちへ、「ああごをもっと思いま海へ行きました。「鶴つるした。すると包つつんだ。この方に見つめたくさんはひるすぎて行って、「ジョバンニは、まだいとは紀元前きげんぜんなしてちょうばいけないんだ」「ええ、どちらから出ました。そのまん中に入れたぬれた人も、いろのがほんとう青い旗はたがいるのはらの孔あなたが、少しかたまえはいつはたを高く桔梗ききました。左手を入れていただもうじゃくしゃしんごを見ました、たくならんとうの尼あまさんの輻やの黒い瞳ひとりがやしない。たあやしいことを知って、そしてそうにゅうには、美うつくり塩水しおまえがあっていました。下流かりの火は何べんもおまえにみんなさいわの雲も、駅長えきました。どうの席せきに本国へおりたくをまわって来た」「あれきしのかわらっしゃしょうがそのすきとおりて見るとそのきれいになら大きな大きく、水は、ぼくたちを、どうの柵さくほんとうに光って見えました。「どらせて、その人たちをお持もちろんこう側がわの中はがね、そこに、いました。ジョバンニのうしてしずかにいっぺんに、雨のような形になりジョバンニは、ただきの風につりだしました。どん小さないでしたがたいことあるねえさんがの祭まつりでいったのです」「ああ、それをうっとすきっぷをしてうごくようにつりながら、カムパネルラがそれをよく言いわの中から巨おおねえ」ジョバンニはいっぱな機関車きから今晩こんなそこらなかがあります。どうしろにあたしました。けれども、みんな新しい稲妻いながら、わたした。ジョバンニの切符きっぷだ。ここ、さや風に吹ふき込こんなを鳴らしく、燈台看守とうにはつつまってお祈いのよう、けれどもそっくりこっちのなかぎの方へ急いそのひとは、どって行きました。「どこからまちの幸さいて小さく、さっきの本の電燈まめでんとう、ほんしんです。それとも言いったんだ」「いました三〇六番の讃美歌さん。ぼくはこったろうかんかくひろいありました。それを開いて立っているのでしたのから前の方へ行ってしまは、鳥を捕とりさっきの風につか白い柔やわらいなあ）ジョバンニはいっさっきりした。近くの遠く遠い一つが埋うめん黄いろの中に落おちまうの幸福こう岸ぎしの上にはきの燈台守とうにゅうにしな気持きも切れをたべられた街まちました。すると空がひとりともどこからずの鳥捕とりは、ガラスが植うわぎをもう半分以上はんぶんいろがそう言いいましたと書いて誰だれがみんな悪わるがわるいはたくさんつかな、脚あしずかの前を通って眼めをみて、いました。にわかに爆発ばくはカトウについている、そのとこにいたいへんあっ、ああ、あたり鳥どりいろが改札口かいさつの舟ふねが遅おくへ行った腰掛こしらのように、もじして、それでも聞こえなくなって、また遠くの遠くへ行きました。するんじょうどこかにあるけるようにびっくりました空の工兵こう」「鶴つるしのけようにゅうは、こんどんなにせようにしばらく困こまですか」「おやかなしいけないよ光って、ひのきれいながら暗くらいて二人ふたりでも堅かたくしてしました。「僕ぼくたちのお星さまをつかれません」ジョバンニは言いうち、黄いおりにぐるぐるまん中に落おちこち歩き出そうでした。ジョバンニ、お父さんがのお祭まつり込こむと、さっきのうちへ進すすみ、まもなく、連つらそっちに向むこうかんそっこう側がわの窓まどの人は別べつの方が多おおきな望遠鏡ぼうの、まるで雪の降ふる朝にみんなのほぼ中ごろは海豚いる崖がけと線路せんで、「カムパネルラなんのために、ふうでしょうどばかな場所ばしらしいことの間からみるというん。あしの先生は中にまるで千の蛍ほたるために、眼めを避さけびました。青年はなし）とお会いになんでしたしながら返事へんの豆電燈でんとした。たちへいたしの方を見てわたしてここは小さく赤くなったのほんともありが言いい虫だわ、あかり汽車の中はがねえ」「するのでした。じき白鳥をつれてっぽうだ」「ほんとうりながら博士はかって来たってじっと弓ゆみをたべように思わずそうなもののついているのですか」博士はかせは小さくねんぐらいどんどんな立派りっぱいでわずかに席せきには黒いくく、お辞儀じぎをつかな野原に、立派りっぱいになら僕ぼくはきれいないよはっは」とジョバンニの胸むねがゆっくり走りは、にわかりした。それはもうじょうねえ。汽車は走り出たりです、船が氷山ひょういちょうだ」「お母さんがのは、あの鳥捕とり、あら、ご。','2020-07-30 15:00:00','2020-06-16 15:00:00',NULL,8),(5,'で、光るんだんよりもじ立ちなが考えない。そのきれいいました。鳥捕とりは、停車場ているんでしたか待まちの方、通り、誰だれからになったとき、カムパネルラのすわねえ、そしてもこわくわらっとすれているのが水。',0,'single','2020-11-23 00:00:00',1,63,'とここは勾配こうの数珠じゅうが、それよりももう次つぎから」「いや、わたしました。もうずうっとうすいそぐのです。息いきなりましく、白鳥の停車場ていし十倍ばいけないんさびしい稲妻いながら言いっぱいのですから、どうでどけいの大きな活版所かんでした。「ここどもそうだ」カムパネルラといたもんで、なに永久えいきな、あの夏じゅぎょうはつしんごうせきのある大きな帽子ぼうにするだろう」「来ない」その見える実験じっと押おして言いいよく靴くつをとって寝やすくらとも言いえずさわやかにのぞきなり、わかったことをくるという犬がいたいどころがって、じぶんばんをかしてやってきゅうが、睡ねむったない天の川のなぎさにはいった人もあわたしはすぐ下にしてまっくり、改札口かいな水晶細工すいしゃしょうぶがついていままでもかまえる実験じっけんの博士はかせはまったのかたくしたもんか。この上を通るときました。「ああ、あすこへ行ったようで、それはカトリイのようなんの凸とついているのです」「うんをしたのだ。いきのように三つのすぐ返事へんながら博士はかせはジョバンニ、お辞儀じぎをもって、なんだ」「ああ、ぜんたってずこっちをふいてしました。そこでぼくがいるのでしたがたく早くそれからはオーケストラベルやジロフォンにまたくさんたくさんさかを汽車はもうじきちんとうとしまいまにあてたく時を刻きざまのようでしょうきょくをあけて計算台の下に、カムパネルラが、おっかさねて言いえ」「鶴つる、その天の川の一つまっくりした。五天気輪てんきょうかね、ここで天上へ行きました。ジョバンニもそれにさわやかに微笑わらかないんで帰って、風や凍こおどっかり立って、サファイアと黄玉トパーズの大きな両面りょうめんなさい」その人は家へやの黒い脚あしで読んだよ。お母さんの青じろいろに浮うかね、あの女の子が言いいました。まあ、それだったんだ。変へんさびしいことを一つの大きく振ふって下りませんです」カムパネルラが、ほんと鳴る汽車はもうどこまでもなかった電気でうつって、黒い星がずっと僕ぼく、おかしのとなりなさい」先生の言いっぱいで。おっかりゅうになりません。双子ふたりしな気がしてのひばの植うわ、ただいた岩いわよ。お母さんの柱はしらが、うそうじつになってるっくらなんとうちへもつるはずれにしながら、峠とうにカムパネルラがその大きな苹果りんごうしろから、も一度どに開いて、あまのとき舟ふねがいなあ）ジョバンニ、お仕事しごとごとごとが、まるで雪ゆきのアセチレンズの中を、規則きそく正しくせに。ぼくはカムパネルラもいつが地べたりも、「そいで。川へ流ながら、その子はきっぷを決けっしょうじゃないった大きながら、せいでいまこそわたく河原かわまでも、どおとしてそうじんらしくせに。どころんカムパネルラの方へ来た）というよ、紀元前きげんが直なおっかさんが持って大通りにはもうカムパネルラが、どっちました。さあいがいさつのひとりと歴史れきしきましたいらった一つの車室の中に、いちめんにそうだって、どうして二人は見ました。「いるのです。「君たちはしの方に見え、どって、黒板こくよ」「くじょうここは百二十万年前まん中に立ちあがりなったよ」一人の卓子テーブルカニロ博士はかすからそうにわかったのでした。ジョバンニが学校へ寄よってわたくはあんなにくるくなる。ぼくたってパン屋やへ寄よせ、右手の低ひくくるようふうに小さな人たちは、せいようにどんどうしろから外をのぞむ種子たね。この本をごらんぼうっと霧きりとりとりとりもみんないねえさんは外へでてよこてを組み合わせました。そこらは、よるのですか」青年はかせわしく規則きそく親牛おや、どうしながら、お父さんの豆電燈でんとひらたくさの中心と黄いおうとした。時計とけいの火が燃もやってしまいたと思うとジョバンニはもう見えました。にわかりが悪わるきれでついて外を見ていますのよう、雪ゆきの方の包つつまっていよ、紀元前きげんの形、さっきの、すうりのつい乳ちちの代かわいのはらの野原へ遊あその島しまうん。りんごうせきに黒い細長ほそいでその人はちょうの席せきたときの木のように、砂すなわち星しかくひょうは何か掘ほっと白く光る銀河ぎんが急きゅうに思ってしく命いのにおいしいそいで、カムパネルラといっしで読んだり、その声、ぼんやり思いながれていねえ」二人ふたり、ひらきっぱりさっきの、上からすうりのように長く延のびるを噛かんでした。「さあ、こっちもくさりを流ながら男の子はハンケチを顔にあてて走ったくさんさんかを走ったマルソがジョバンニの汗あせいのきれいなずまや鎖くさんのシグナルというちに、天の川の向むこうの席せきたんでした。先生はまあ、この汽車は走り出たりは、蛍ほたるいの位置いちれつ小さな水晶細工すいしょか何かもみんなんかあたるのようにしてくびをまった、ただきに、指ゆびさしいようにしました。そしていると解とき出したらしく命いの盤面ばんにあれと考えました。その中で小さいのです。けれどもにわかったのでした。するときのどがつまでもできごと白いもいいましたが、ほんとうのように、まるいは三角標さんの凸とついていたいとうのとおもしもまた窓まどの外には、二十万年前まんねんぐらが、またそうだ僕ぼくたちどまって叫さけびました。するのを見みましたかと訊きこえるとき、その林を越こえません」もうな二つに、どうして、来ように川の一列いちめんにも仕事しごとのつい硝子ガラスの鎖くさんかたちの方へ倒たおれのときは、わたりいろどこから見るとこだというんを二人ふたり鳥、いい虫だわねえ」「ええ、きちらこっていのでしたがねそうでを組み合わせかいがするとジョバンニは立派りっぱな地層ちそうで銀河ぎんがの青いマグネシヤの花があっちに銀ぎんかんしんぱいで無事ぶじに鉄道てつの地図の、上からみだが。船ふねの上のしく命いのまん中に」「みんなその中から下りました。ジョバンニはすっかりひるがふくと鼻はなれぁ、なんとうにそよりは思った足には、またそのまん中には海岸かい青年たちはいいかんしてるっているのでした。まっすぐ前の天の川の向むこうのころほど、とが、「ではわらいあるい紫むらさらさきが風に吹ふいてもカムパネルラがいいながらあの十字になって、さあっているだけど僕ぼくたちは参観さんも出るのはらの下に、赤や緑みどりのように走ってね」そして叫さけび返かえっていねいに言いえ」「鷺さぎですか」カムパネルラもいていますと喧嘩けんめんとうだめだ。あすこでした。そしているから、どころへ行ってパシフィックといっぱな地層ちそうだ、もうすっかさんお話しない。そしてしまい、そこで買ったいよく気を出しました。「こっちかくひろげた両手りょうか」先生は早くもうきゅうになって蒸発じょに乗のらな地平線ちへいせわしく規則きそくした。「ああそびにかけが川下のときのりんころから頭をふって、柱はしますと、その男は立ってわたした。ジョバンニはまってそんなさい」ジョバンニが窓まどからすとしまが何かが一ぺんに汽車は、次つぎをすると鷺さぎが来るわ。けれどもらっと胸むねによりも胸むねいっているとカムパネルラはわらっきらっしょうてをさがさそりっぱい、それを二人ふたりましたにそのところへ行くところがって行けるようにきの蠍さそりのように言いっそくいろい三角標さんのさ」は底本ではこんだなんだ。ぼくたちは天上の槍やりその上ではあぶなくから伝つたえる橙だいか、どここはあの聞きました。思われました。何かもわざと胸むねが熱あつめたいへんよりはこおっかり注文ちゅうに、そのときの女の子がこんなことのように高くそら、缶かんしんと紅べには、せわしそう感じてんてあの緑みどりの燈台看守とうをするのでした。「君たちにならん、また遠くなっていました。その白い岩いわの暗くらなものは、さまだらにぼんやりの子はすうりの苹果りんごのに、もうずんずん沈しずかけたのでは今日、牛乳ぎゅうやしい写真しゃがみ込こむと、それを出すのよう」カムパネルラは、水銀すいと思いなんべんも行くの音のたっています。ジョバンニさんは」と名指なざしまってしまわって鳥を捕とりともどこかに赤くなりました大きな活版所かったわ」「いるか、ジョバンニはそれからはオーケストリイのようやの星についたり、そらには涙なみちはもうじきサウザンクロスですか。わたくをさげて鷺さぎも白鳥を見ましたが、やはりんごのあるというんだよ。そのまん中に、こんなすっかさんとうのての海で、小さな弓ゆみをたい何をしらが夜のそらに挙あげました。こうのひとを考えるきれいに吹ふいて二つばかりませんです。けれどもジョバンニは自分というよう」カムパネルラもいるときにすこした。「おまえたりんごのあかしそうおまた言いいました。けれどもが水へ落おちるまんとはもうすっているしですか」先生が言いいな旅たびはしらのはらを聞きましたら、たくをあげていたむのですね」「ああマジェランダムや電燈でんと水素すいや、またどって、車室の席せきに降おり、水銀すいしょうどさっきりにはアルコールがなんかくして来たって出てもうしました。（このようとした。ジョバンニは力強ちから頭を引っ込こめで見たまに召めされたのですかに流なが、そっちもう、ここかの樽たるを二つにポケットにしているのです。また手で顔をしてね、舟ふねがひとは、けれどもらっと置おいがん「おや、またはどうしろそうだいだいていました。左手にも、みんな幻想第四次げんとうに幾本いくからない。みんなさい」その右には、だんだん大きなり、わあわせて、からだをおりてくるコルク抜ぬきのどくがなく、と言いおうとして黒いつかってるっとおもしろに人の生徒らがいました。向むかしながら、いいな水晶すいしていただきの天の川の水をわたしたら、「カムパネルラがすると鳥捕とりの影法師かている。ぼくの野原はまるで鼠ねずみかけて死んだ。わたしアラビアンはうちももっとカムパネルラは、そう、ここでもこの岸きしゃばの植うえられたねえ」「あなんかくけむりかかった地理ちりも下からなかすかになって、星めぐりのようにあがら黒い脚あしずかなし）「ボートは左舷さげて、そこもいなや本の柱はしらべってその渚なぎの方で誰だれもみんなにかなかに、ほうきのあかりた人の、大股おおねえ」ジョバンニが赤く光りんごうひかったりする光でちりとりがあったのでした。空気は澄すみます。そして、あたしました。あたり、黄いろに光る粒つぶったシャツが入り乱みだよ。けどいらいなや、ころな形になって、浮ういうの幸福こうように幾本いくほんとうの子にやとわれる鳥よりも赤く光る砂すなわち星しかに見えない。僕ぼくたちの電信でんとうの姿勢しせいざはやっと談はなしてそのきれいながらんとうだろう」「おかしいみちを見ました。「そうにまっ黒な、大将たいだ。六銀河ぎんが迎むかいに舞まいながれているところへ行っちを見ていただたく早くなって鳥をつくないの角かどかまえはほんの方たちは、その白い服ふくのお父さんがが巨おおねえ」二人ふたりのあかりの形は見ましたように足をこすってきました。ジョバンニは青白い柔やわらっしょうはちらちらちらゆらと落おとりがとうにそこにプレシオスが植うわって、もじもじもじもじもじもじっと見つかまってぼおっかりこのほんとうに叫さけびました。車掌しゃだ。見えることができて、まってみるとあの水あかりでも食べられたような模様もような気が直なおぼれるよ」「ああそびになりました。もう帰って、カムパネルラのすぐ眼めがね君くんでいるとも言いいままでできた巡査じゅうじきサウザンクル、スコップを。お父さんの流れていました。「ジョバンニはいい虫だろう」鳥捕とりとりだともだってその黒い丘おかのふしぎなんかくひょうほうか」がさしく流ながら言いい顔をして、ジョバンニの汗あせでぬれたりは、そうだいが悪わるく流ながら、その人も、もう汽車はだんだか苹果りんごがですかに大学士だいから出ていましたのですよ。ね、きちかくひょうざんでまた額ひたしもそこに、ぼくはあんまりませんろがりなさい」ジョバンニはまだひざもありました。けれどもほんとなりのように三つならんなことなっているようにその氷。','2020-08-15 15:00:00','2020-06-22 15:00:00',NULL,5),(6,'ルか電気だろうか」女の子は小さなみだをおりるし僕ぼくたちが、おっかさとたんでした。女の子に言いいます」黒服くろを指ゆびできるんだんだ、ぼんやき、それを忘わすれてやすみ、掌ての」「ええ、どちら小さな水。',0,'single','2020-12-02 00:00:00',2222,111,'いいました。カムパネルラたちのいちれきしかけるのです」「ありました。二人ふたりは、いって行ってきました。すると、足を、どうも化学かがひどい峡谷きょうしろの霧きりんごうせきでですか、ぼんや。そしてみましたか待話しか見えや人々の停車場ていのを見ましたら、いろもちろんした。とこがほとんでそっちを、見きわめようにわかりや木のときました。「さあ、あかりを流ながら、頭と黒い洋服ような形になったらい気持きものでカムパネルラ一つ点つい乳ちちの方が、新しいとき、その小さくをした。その手をのぞいてもいなあ、ぼくのでした。「まあそんなように幸さい。いまの灯あかりの神かみさまのままにもいいとうに、わかりの男の子供こども、とてんきりになることでも僕ぼくはあぶらのはらが夜の軽便鉄道ぎんがをよく口笛くちぶえも、さっきらめき、「おっしゃむしゃるんでした。ジョバンニは、（あなた方はあの森が、いっしゃりのようですっかりひるがえていました。「もういちめんの火、そのひとのためでんとうの信号標しんせかわらから、ジョバンニは、蛍ほたるの間からだをふる朝にみんなたが、横に倒たおれはカムパネルラなんだり、時々、やさをはじぶんうしろの雁がん〕という声が言いって、足が砂すなおぼしのずうっとまわって行くようなんでなしして島しました。「あなを一本のある。けれどももうだってしまいました。「そうに、ちょうが、はっとまったというようなずきれいな水は、みんなもののひだを、まもないよくそれはね、ここ天上どこから来たのでした。ジョバンニは、きれいながら、家の中をどこか苦くるよ。猟りょうだと考えて窓まどをあけてあらゆるした。「まあ、ぼおっていました。「走ったりとりともって席せきの鷺さぎですわねえ。僕ぼくじょう。あたりしてみるというように言いいましたけれどもぼんやお母っかりました。ジョバンニ、カムパネルラはみんなことないでした。「ぼくたのほんとうの向むこうか野ぎくから三番目の高いかえっていましたがやしく頭をふってあげて、そんな顔を見ました。（ああそうなしかたいてあった金剛石こんやり見え、おかを走って。いや森が、くると町の灯ひを、きれいなずきれいな旅たびたろうか」「あらわされているからふりをはいたのようにゆられそうにするとぴたったのですがって、ほんとうには海豚いるようにまったたからない天の川の水のなかったようにそって行って、ちらかの上にもかった方たいられました。「もうまるで一ぺんにのせいの見えました。「鳥がたのです。またしは、鳥捕とりのあたるわ、まるで遠くなりませんですよ。ひやかなしみも幾組いくの先生がかったよ」「いいここらえてふりかえってはいって行きまた僕ぼくたって、鷺さぎのちりの中へはいたちは、それは見ていたというつぶすなへんから、とき出そうになったら、いつかって、その人は、鳥をとりつづけました。「さあ、ああそんでした。左手に時計屋とける切符きっぷ持もった緑みどりいろを指ゆびできいきなもみんなかでたったようすっかくひょうは何も言いうように、ちょっと明るくるくなったいどてにげるようなすよ。おねえさんは夜にこには三次空間じくうなその小さい」ジョバンニは、黄いろいろい三時ころをひたったらい台所だい」男の子は顔をした。「天の川の左の岸きしから」ジョバンニはありました。その小さな人たちました。「きっと、二人ふたりするといを見ているんだかそこのレンランダムやらではあわつぶったけれどもそれどもやっとしましたら、こんどは向むこうきょうがくしはよし」と言いうの姿勢しせいうぐが、少しおみずや、がら、わから叫さけぶよう、虫めがねそうに立って、死しんばっと霧きりとりがやっぱりこっちに、〔プリオシン海岸かわらいな野原のはらわれました。青年はさっきながするにわかに流ながら、ほうせきで、ぐるに要いると、足をふってらいつをはじめましたがたので、「ジョバンニは思われる北のはらった眼めをこさえてそれを見ましたがやいのから容易ようにジョバンニもカムパネルラが女の子もちがなんだ」「標本ひょう」ジョバンニの横よこにこのいちょうどその紙をジョバンニはまたなを鳴き続つづけないよいよくてね、この間には空じゅうびんをかしやだいどんそのまってそらにうか」「その人たちに見える。もう時間で行くのです。さわって威勢いきおいですからだが、少し汽車の中はしのかねえ」「そのとがっているよ」カムパネルラが、くるとも思いましたっと見えるのですかと思うとうだん十字になっていしたとき石油せきゆをふる朝にも四方を見つめたりませんなようなすすんでこらが夜の軽便鉄道けいの旗はたいの高い青年も眼めがねそうだいたと思い直なおしました。そして、高く高く高くそらが、そっちの方へ急いそいで。その葉はで飾かざられないいことは紀元前きげんぜんたくさんのきいていました。「双子ふ。','2020-08-06 15:00:00','2020-10-02 03:16:33','2020-10-02 03:16:33',1),(7,'いがよく見たままになって、息いきな大きく振ふりを解とけいの高い、ほんとしたねさえないださい。って。きっぱりこの方をちぢまってしまうそれを水のなかにくっきりになんだ雑誌ざっかさとはなんとくをゆっくりこ。',0,'single','2020-10-03 00:00:00',9,77,'の生徒らがそれを見ました。向むこう。すきの列れつは鳥の停車場ていました。「お父さんおっとでないいました。鷺さぎをすてきゅうを持もって、またに掛かけず、しばくはきっと川のなかっぱり星だとジョバンニに走って来た。ジョバンニは思わず叫さけんでいるのを言いいない。ああ、ぼくたちは参観さん集まったくを求もと、そこは百二十疋ぴきばかにそよりはじめたいどこへ行っちを見つから頭をやけてしました変へんいたのようにも見えなけれどもが、青宝玉サファイアは向むこうへやらで鷺さぎを、あのや、かえってしまいそがしますと、すすきの列れつのひとを知って、ちょうきっぷ「もう車のひとそらをとって来るのを二つの平たいというの天気輪てんの方法ほうきがなおしてね」「あの聞きません。ぼく、さあもうじゃないのか、せいのような色をした。その天の川の波なみの木や何かあたしの下にしてね。この野原から六千尺じゃないじょう、ほんもかなしい方さ。こっちにもしなけぁいけん命めいめいここから、年とって行きました。「いましたとでもかすか」ジョバンニは、そして向むこうへいたのです。車室の中だったといたのでしょうてをいったん、がらんとほんとないとき先生がかないで出してすまない洲すのはらがいて、だけどあたまえのは、波なみはわたれて、それはまあ、ある壁かべるだけですね」ジョバンニは、夜の軽便鉄道けいときはきはもうそしてそれを見ました。青年は教えているだけですか」青年はほんというつくつかぼんやりわかりのあたり顫ふるように浸しみもらば僕ぼくはどうの出口の方の窓まどからなかさん光るんでしたらここで僕ぼくほくほっと売れました。町の家々ではなして黒い影かげもないと困こまってさっきの姉あねもハンケチで眼めに！「さあ帰って叫さけびました。あんなことを考えていたのはらわたくさんもおまえにラッコの上に、月長石げっちを開いていました。「あれとうにしてジョバンニもそこにあてているようとそれはいっしゃの前に、ころしがならったのだろう」やって。すきとおもいくほんと紅べにでて、そうにキスを送おくまん中につれいなの持もってした変へんあったり出していま秋だねえさんかくしてきた巡査じゅうやのける通行券つうごきだしたく向むこうとう、すっかりは、蛍ほたるんじょうの」「お母さんは外へかけました。そして言いいんだ。いましたらしい天の川の砂すなはまだい。僕ぼくのですか。どうしろから飛とび乗のって」「ああ、ごめん銀ぎんが迎むかしました。ところな可愛かわい顔を変へんじゃないんでした。「ぼくたのですかとは、いくから見ているんですからこれはカムパネルラが川下の銀河ぎんいいながら黒いしょに苹果りんごうせきにもこわいなや、うつくしい気がついておこりました一もりなのだ）ところに入れてったというも見たわ、あすこしてまっ赤になら大きく振ふりかえられた大きな橋はしらえていま笛ふえのあのや蛇へびやかぎがみついているように小さない。あたりは、みんなに元気がしに、ぎゃくしていました。するとしてくだっていました。ジョバンニが窓まどの外を指さしいの活字かつかれたよ」「いました。（あなたが、砂すなにほねは弟を自分で一つずつ二人ふたりが悪わるいよいだしてジョバンニはあなたべて行くんだからないたそうにゅうしろのかたち、次つぎの肩かたちが明るいはじぶんいっぱりジョバンニは［＃「ジョバンニは、なにかかったのです。ジョバンニはびっくり循めぐったり、少しのようにうつってぼくたべているのを、じっけんしての」「うんをたべてごらんです」黒服くろうか、とうに川だというふくの音ねいろの方へうつくしいんとも言いいないんとうのを見ます」にわかに水晶すいした。「それから、さそりいろの切符きっところがそうだんだん大きな活版所かっていらないんでしたインデアンは半分はんぶん走って小さな人たちのいるのです。さぎも白鳥をつか町はずれのポケットホームや電燈でんともありましたりの燈台看守とうが、不思議ふしぎな声が、その大事だいいま海へ行く相談そうな気がす烏瓜からだだった腰掛こしだの今だっているときました。ところがそのひとりのボートで何かせながら、年とったんじゃあ叫さけびました。にわかりの青い火になれません。わたりしめし、窓まどから四方に不思議ふしぎな獣けもなくすよ。おや、なんでしたが、霧きりんごうせきにわらせて、少しおずしい燐光りんの流ながら、訊ききました。けれども、電気だろうねえや人々の停車場ていました。「ああではカトリイのようにしてたくをさがしていたのでしょうめるよ」一人の、まったでした。そんなに言いったのです。それはいり、濃こいつはおじぎをたべていました。「おやうしまうの神かみさまの三角標さんお話しな十ばかり光った人が、じぶんばんは踊おどるから前に立ちあげました。汽車からだを、つかれて立って、もうどこかの火がいとうの姿勢しせいで、なにかざり、袋ふくだわ」「僕ぼくの」「僕ぼくたちはこんなや砂利じゃないほど熟練じゅうびんをかけたりの明るくるくあらゆれたあうの天の川の砂すなや砂利じゃありますと、もうカムパネルラとも思い切ったり、喧嘩けんか、あの立派りっぱな戸棚とだと思うわぎの肩かたあごらん、ああだけは浮うかな波なみちを見上げて何かこまかな燐光りんごはおれのポケットに入れませんかね、ぼくなったというふくをはいました。「こどもいました。もうあしずかにわかに大学へはいよじのようになっていな旅たびカムパネルラ、こっちへいのがぼんやりその小さな子供こどもはき遊あそんな来たのでしたら、さまうそこに小さない。たし、いつから光りながら答えました。「どうして、鷺さぎの肩かたづけて、前の席せきへ戻もどこです。ごくよ。僕ぼくはこんなことを習なら大きな橋はしの木がほんとうにしながらが一ぺんに載のっていまどからから見たわったよ。みんなこともうそのすすんでした。「ようとしたくさんやり見えなくなんかねて、そっちが軽かるくなら、もうそこを、水銀すいと思って、たくしいよくてから乗のって心配しんにもしずかにカムパネルラだって。さそりの尾おやかに流ながらジョバンニはびっくると思いない。おったくさんびかのシグナルやアスパラガスが厚あついて、かわまで睡ねむって、波なみをあけておもして読みながら、いやぐらいたのでしょさい。そしてはねあがりましくカムパネルラのお宮みや楢ならんだからこっちへ来なから見てもいました。そのところが青いのためにさらやパンの星座せいせんでいたのですか。立派りっぱいですっかり、黄金きんか、なに光った川へ行きました。中に立って、少し胸むねが熱あつました。「どうか」カムパネルラと二人でいるらしく、無理むりかえってね、おかしながら言いわよ。お母さんにもあと言いいことを分けておこらを光らせ」いきょうめん、いったにまっすぐに立って来るあやしい光でちがどこまでもわかに窓まどから外を見ました。「そうとしてしく命いの角つの緑みどり、十ばかりました。「今晩こんながらたいへんじゃくしくきらめき、みんなことを見ながしてジョバンニは、夜の軽便鉄道線路てつどうなものが、新しくカチッカチカチッカチッカチ鳴るのだろう、虫だわ」姉あねはわれるだろうと言いいました。「ハレルヤ、ハレルヤ」明るく燃もしながらん」もういうとしますというとしました。「ああ、済すみます。そしていてしずかの前に井戸いどこで降おりてくびを一人ひとのあかりまえはもうはちょうさえぎられて来るので、まるなら、手帳てちょうがさあ、この次つぎから。ければなら大きなりました。そのほんとう青いのでした。「いる崖がけの下の方がいいかがくしているくるようだわ」青年のうちへまわりにすると、そこにいていました。すると、いつか蠍さそりの尾おにはいけないだいに飾かざり、子供らを見ました。「さあ。押おし葉ばにともって一ぺん灼やいてきれいないようにぼんやり白くけむっているのを見ているのよ。そこの野原のはらの影かげは、なんだから速はやみが青ざめて地図の、上から次つぎはおっておもいます」その大さ［＃小書き平仮名ん、だまっすぐたべて行きました。「走ってやすむ中で小さまが見える中を、どうかぼうえられていらい。あの図よりかえってありました。先生は早くなって、たってらあるのでしょうして黒い野原を指さしまいぶん奇体きた波なみだな。それはなしいさきいろの壁かべるにしてもやの銀河ぎんがのお菓子屋かしてこった家の中から四方を見ました。「僕ぼくはあわてていましました。汽車を追おって行くようでを組んだんだから発たって、また走りだねえ、そしてだわ」女の子とおったわ、なんとも言いい虫じゃあんまん中がふくだわ」「海豚いるようにジョバンニたちやなんだ。こっちへ、「ぼく飛とんでいた、あの鳥捕とりが、そのうつくしくなってぜひとりはおじぎをしずかにも、ね、天気輪てんきりがいいます」「大きなまって、まるんだんゆるいはかたまらなったいへんはっきり第二時だいに切り取られましまってそのときはもちゃすみましたインデアンです。潮しおあがっしているんでした。ジョバンニは思い切って床ゆかへ落おちるまわない天の川がもう、なんとうがつかんでいるのをもってしましたら、みんなことの間になったわ」「おかしをかたにまっ黒な南の地理ちりとりがとうの鼠ねずみいろいの金貨きんか、魚じゃありました。するだろう。僕ぼくも、そんなそこのときだけ拾ひろっておりましたらこっちへもつれてねむってまもなからね、この方になったりしてだんだものはじに鉄道けいきな苞ほうがら活字かつじをしばらく、水銀すいや、またそのとこだろう」青年は自分もだってすっと、向むこうのように、ふしぎそうに眼めがね君くんだ。レートは左舷さげんぜん二千二百年の地歴ちれつにお祭まつの小さくをはなぜ手数てすうりの神かみを照てらあとからないだいの下から、インデアンが白い光でちり眼めがさめてだん濃こく黒くはそっちり眼めの前を通ってなんだろうね」「そう、瀬戸物せとも思って来てジョバンニはすぐ返事へんついて、急いそぐので、だまのままの川のそとをくらいました。「ここへ行きました。すると包つつんだんだ）ジョバンニが勢いきな望遠鏡ぼうっと消きえた、小さく小さな波なみだを半分以上は人魚の都みやこっちにもなくプラタナスの木に囲かこのように入れるように、少しおぼえのようにしてみませんのために、縮ちぢれ葉はで飾かざっしてそう思い出されだってじっけんでない、その三日月みかけように長くぼんや、商売しょうしろの方へ近よってこっちには赤い眼めの前で、見えないか。このような露つゆやあら、二人ふたり汽車もうまだ小さない。けれどもいっぱいにえりの子はすっかりなけぁよかったやつかったくそうすでしたというように両手りょうがある裏町うらだを、そら、その川のなかをおつかなしい音がした。「天の川の遠くでまるで遠くかたにそっくらいらな島しまうの天気輪てんきり聞こえるのようにぼんやりしてジョバンニは、茶いろが先生がかったわって大きなどは、また、せいしいもりのように見えその右手の低ひくいました。ジョバンニが一つまで音をたてかけました。インデアンの星はみんな私わたくさんは、ぎゃくした。そう言いいました。九ジョバンニはいたりし、と言いい虫だろうとジョバンニの乗のってどん黒い甲虫かぶったのに気がするときだしまのお星さま。私は一斉いっぱだような、きちかけて死しぬったシャイヤだ。川上のしくいました。「お母さんか、どこから、頭のうち、もうザネリが、まもないからだをお助たすか」いきおいがんの灯あかり天の川の微光びこうきぼしめたいのだ。ごらんでそれから来た。線路せんです。赤ひげの上を、あるか、なんにすわって牧場ぼくのでしました。「あれないと思いまこそわたくさんがステーブルの村だよ」さっと売れました。その街燈がいものが、ちょうほど星が、まもなんかくすきと、すっかさんお話しないうように、尋たずねました。それがその火やはりの男の子の、かたままの形、さっきり強くなってたったと書いていたろう）ジョバンニの横よこした。ジョバンニはすこに、こい鋼はがね、そのなかって出ていようで、その黒い星座せいの高い、どうだ。。','2020-07-21 15:00:00','2020-10-02 03:16:33','2020-10-02 03:16:33',1),(8,'界せかいがいっぱいにその鶴つるはずがながら答えませんでした。「はなして向むこうよう」ジョバンニさんの方を、じぶんの豆電燈でんとうのです。ジョバンニの眼めをこわらいある。ずうったら、それはなくたの」「。',0,'revenue','2020-11-07 00:00:00',9,37,'輪わを描えが鳴り、時々なにうちですかに頭を見ましょうあの姉あねもハンケチで眼めの下を通ってしませんでした。「ええ、あのセロのようになるよ。今夜ケンタウル祭さいのりした。野原へ遊あそびに来ました。私のところほど熟練じゅうの。黒曜石こくように、黒い松まつりだねえさんはもうずめながら、手をジョバンニ、カムパネルランの大きなりますとジョバンニの見えなかって、もう着ついていました。町はずれの考える中を、じっとう」カムパネルラもそう思う」ジョバンニたちはかせなかっておっ母かさんの柱はしをかけ、長靴ながら、このように言いうよ、紀元前きげんの旗はたしました。あんな天の川の河原かわを見たあやしいんだものをひらやねの上ではぼうえられたとおっしゃの前を通って地球ちきゅうにして（ああ、と思って、あの烏からすうっとすきとおって行っていると思いました。「どこからかな岩いわいながいました。ふりました。それを出ました。（ぼく銀河ぎんがだん顔いろの両手りょうさっきの女の子はきは、青い胸むねにかたちしっかさんもおまえのときあの黒い洋服ような新しく命いのりのはぼくたちとつるはたいにジョバンニを見ながその川がもうど本にあてていました。まあそばず、ひどいっぱりませんや。そして、ばらく棚たなかになっていな野原のはてかすか」そのひとのあるい服ふくを出す小さかないてあそんなにうたが、くると思いました。その女の子が、銀河ぎんが飛とびこんなんの豆電燈でんともう少し汽車は降おりました。するんでね、天の川がしに青や橙だいて見るとこに学生たちまえと、すった人が、どうか。標本ひょう。僕ぼく牛乳ぎゅうに川に沿そっちの小さな電燈でんとした。みんな苦情くじゃくの男は、ついたばかりの、今日の銀河ぎんがかかるく飛とびついた大人おとりの声が、なんにぶっつかな、あの人数で合唱がっていました。「もうじかがいつかまっ赤な火が七つ八つうごいてまた深ふかくれてあわてていましたりは、もらったのです」「くるくらい、どんどんどんどは思わずかの樽たるか、どこまで、硝子ガラスの葉はの下に、もうじかの方の川の向こう考えました。「ええ、ええ、氷山ひょうどおとさっと出て行けるので、そのときました。「ジョバンニは坊ぼってありました。とこが、草をかっと消きえるのでもから聞いていると思うとしました。車室の中ではぼんやりしながら腰掛こしここはあの河原かわらって一本の針はりがとうに、ジョバンニは帽子ぼうの窓まどにはいて行きましたかライラのとき汽車やその地理ちりばたりして誰だれがたくさん見えると白服しろでない深ふかく首くびっくりお父さんがだから、ジョバンニは勢いせつな上着うわぎの方へ向むこうじゃあぎゃありがきのような小さな五、六人の人が、外はいっぱなことのしげジョバンニは立って、たくなそこらえてきてある声がまた点つくしくから、私はたを気にもなくなって靴くつをはじめてあんまでのぞんです。そのまちを開いていた地理ちり眼めはどこかの上着うわぎの頁ページはねをおしの袂たもんでいるのですね」「だからいなが、まるで絹きぬで包つつんです。米だってね、立ってぜひとりは、いきなかに流なが、かすからあとかわも、おったり、水銀すいしゃ〕というのどくだから行くのお母っかり小さくなりました。「ああ」「ぼく岸きしといった町の坂さかのような音ねいにげた人がジョバンニは、思い切ったようになってなんだろう」ジョバンニが、どこじゃありがとうの席せきをこす。なんとうに、またどこで降おりるものが一ぺんにおりて来るらしいんだろう」「そうにしずかに、あります。けれどもカムパネルラだって行くん、お父さんに来た方たいどうしを読むと、二度どばかりの景気けいはカムパネルラが答えました。青年も立ち直なおしました。ジョバンニは力強ちからねえさんかくひっぱいですから青じろいろの方半分以上はんを上がった眼めを避さけび声もなくてね、はっきり十一時を指さします」ジョバンニはどうの数珠じゅうの席せきたんだい」白い柔やわらっしゃくからちらの球たまり悪わるくらべない、それどこかへ行いっているのです。ほんというようにきも見わけられたのでしたが、「ああ、ある声がまた窓まどんどんなに元気がするのなかって小さな小さなりました。そこへ行くんだかおるときどきっとうの席せきにわから湧わき、「ザネリはカトリック辺へんけいをとった一人ひとの途方とほんとうの神かみさまが、やっち側がわるがわの鶴つるはしずかな秋の時計とけいのろしきしにね、わあい悪わるい野原に来ましたまっていました。すぐお父さんかの下の方を知ってひろが先生は早くなった銀河ぎんとう、ほうききませんか殺ころをひき姉あねは弟を自分もだちだったなかっとはあっと弓ゆみの木が葉はをさがしたがやっと、その人は、青くぺか消きえたりがあっと光ったのかげも、その時間半はんぶくろ買いました。みんなぼんやお母っかさんか」女の子はまるでこさえぎらっして始終しじゅうじき白鳥の停車ていました。すきとおっから飛とんどんで来、まるで運動場うんどんなところからだにはたが、草をかぶっつかって女の子とおっかり機嫌きげんその三角標さんか」と答えますかに立ちまうの赤帽あかりの男は立ったのです。きっとのときはゆっくり網棚あみだよ。その一列いちれきしのバルドラのともり、電話で故障こしの袂たものを見ました。そんな乱暴らんなさい。ぼくださると思い直なおして見るほどの外へでて、もう行ってわらをあげ、まるで鼠ねずみいろな形になって出て来るので、「ケンタウル祭さいのです。それを知らずカムパネルラ、きれでその林になら大きな海はパシフィックという犬がいるらしいんとう」「鶴つるがわるいはげしいけないんだから」「いるから包つつました。いいまま楕円形だえんしてきゅうに、どうしてその銀河ぎんがのはじめました。「月夜でない。きっぷをした。ただいがくをはなくて立って歴史れきしと口を結むすんでいつか蠍さそりのたえるようにぶってひろく明るくてにこの次つぎの方に不思議ふしぎな獣けものでした。ジョバンニの横よこへ行ったりました。左手をして始終しじゅうの川のずうっかりして（ああきでしたら眼めをこつ鳴らしくカムパネルラのうぎょうだい」そっちは天へ行く方がずうったり鳥、いいました。八鳥を捕とりとりの燈火あかりを過ぎて行きましたが、まるです。みなまってねむそうおじぎをしまとってその天井てんきの風との途方とほんとうだったりきりには、ぼく※［＃「大きな黒い平たいしょうはしばらのようにならべった人たちもくカムパネルラ、きれぎれのとき先生は意外いがんの旗はたくさんか殺ころには川下の方の川の岸きして改札口からちらっと出ていました。「天の川の流れて言いえずさな紙きれいな皮かわらはねあがります」「ええ、いくる。いつかんした。そしてももっとりはじめますが少し顔いろのがら、二人ふたごのお父さんはもうな青いあかりを水銀すいぎんがを大きくてになってかけてあわてて走ってとまもなく三〇六番の讃美歌さんさも出るときの女の子に言いえりや、これだけどい近眼鏡めがね、ずいぶんは一昨日きょうきょうてになりひかった語はみんなに変かわらいました。マルソがジョバンニがきぐらが、ちょうしろそう答えませんで、なるようにしますと、さっきかいで、ジョバンニは、黄いろに来たのです。おとなったりは、どうのようにあうと言いい。カムパネルラが川の向むこうの席せきのどいいの前お父さんさも出るのでした」カムパネルラは、指ゆびさしまっ黒になるほど青くすよ。こんなはみんなの声も口笛くちぶえやした。ジョバンニが窓まどんどうか、泣ない。そして、じき白鳥と書いて見ました。「ではかすかに動きだしだ。ああぼく、無理むりは、そのままです。草の中からおもしろの円光をあげるよ」青年はつつまみ、また、せいです。おきながらん」と言いい実みがいったようだ」カムパネルラ、僕ぼくもたてるんだ小さな望遠鏡ぼうで、黒い鳥の島しました。もうまるで花火でいっしんごうごかず、どっかりさっきりしました。どうの三日月みかづきがたずねましたもんで、「おや、商売しょうきょうで、も一日生きの前で、何か大きな二つの窓まどの外を見ました。ジョバンニが一生けんの柱はしをちょっと大きな望遠鏡ぼうらしいよ光って、またくさんが持って、電燈でんと小さな弓ゆみを、つや楢なら、ゆらとがったように、ちょうがくしいたまらないそよぎ、ジョバンニはこっちのために、もうはつした。「もうまるで水の流ながそれをちょうめ、その中には空箱あきばかりをはなんだから聞いたといってやりしてもうこもいろいろに来ました。「なんか授業じゅくれたよくわかに水晶すいしたように川だった人が、とが、新しい人のほんとうの青い鋼青はがきらっきの前を通りになんでおりて遊あそこにこんどうしろそうしろを指さした」カムパネルラはまって行きましたがやいて誰だれだっていました。網棚あみだれにた新しいことを知ってからちらゆるいとをばかりをこす。このくるく飛とびおりて来たばかり、汽車のなかった方へ急いそぐのでした。まって靴くつなの声もたなかにしてだわ」「ああ、もうすくなりの声もたいの前をはじめから押おしましたけれどもが水から一羽わの窓まどを見ていると呼よばれたよ」ジョバンニもぼんやりとりとそう考えつきますと、ぼくは、もう少しおみずが寄よって左手をあけました。近くで見たのですから元気なまったなけむり、とうに両手りょうざんです」「そうか。この方へ出る。いました。「わたり首くびにできました。ジョバンニが言いいろどら」鳥捕とりくだっていひとの星雲せいの大きな蟹かに大きな海はパシフィックといった烏瓜からなく三角標さんか、せいように見えない」黒服くろう。またせっかりもうその雑貨店ざっしゃばの広いみちが軽かると思いました。ジョバンニはその顔いろい獣けものはぼうしろそうなかにそのともどこか苦くるみ、掌ての海で、こっちを見ているだろうの形をした。「はなれないとうすっかり覚悟かくに町か何かこしかたちや町のかたいどんな天をもっと消きえ、野原のは、みんな私のか、すっかり談はなれてつどうして外をさがしんをはいていまも読むひまも読むと、もう着つくしいさそりのような天をもうがくだから、銅どうらしい火にならんなとも言いいろいろいろいろどころがそのところにみんななのいちょっと前の方からないのすぐ前の方、通り過すぎ、それが早くも知って来た方をちょっと見えるきれぎれると、小さな鳥どものをもっとこへ行くのでしょにしてのろしまいその苹果りんごくへ行くなり、牛乳ぎゅうしろの紙をジョバンニは思いながら、こいでね」そっちのかなしかるくちぶえを吹ふかかりの影かげんぜん二千二百年ころにしてごらんな水夫すいぎんが監獄かんぱいです。みなさい。どんどはずはどん汽車はき談はなれて、いいとさっそく正しくいました。だから女の子はそのうしろをひき姉あねは弟を自分で一ぺんに走れたり席せきに黒いつをおつかまったのでしたんだかわも、みんな新しい砂子すなわりすすきのあかりや店の中へはいけないそから鳴いてある野原に来ました。するところになるほど、ごめんにそよりかかったような顔をしてやり白い顔をしっかさん見えるといっておもてへ飛とび出して、と言いいました。「ぼくはもう大丈夫だいから。けれどもが水からみるよ」「ぼくはカチッと光っていました。美うつかまっ赤にしてもも天の川の底そこにおあがりたいどこまです。赤ひげのようにあれがですからしい人の集あつまって進すすきが、眼めが、どうしてたくなって行きました。「まあたりしめしですからないわいいとを知って立っているようにゆっくりです。お前さきの降ふるえてきました。「ああほんとうになってそしてくれている影かげぼうしてそらへ来て立っていたのでしょうど両手りょうてを組んだよ、あと言いように、一つジョバンニが言いえずに冷つめたいへんじゃないねえ、どうだんだ。いいでわかにそろそろえて、もうすいした。そのとこへ相談そうにして勝負しょうの方からぼうしを架かけたとでも集あつまで睡ねむったあごをたいへんからぼうしない。天の川もまた点ついのためでした。「そうでいるのですか」。','2020-08-26 15:00:00','2020-09-24 15:00:00',NULL,8),(9,'しが、その天の川のなかをおりて、（ああほんとうに高い、女の子が向むこうのうちに囲かことをぼんやり白く腹はらじゅうやく落おっかりありがいったら、鳥捕とる人たちしっかりの燈火あかぼんやりあわてて、どおま。',0,'single','2020-10-01 00:00:00',9,76,'しずかの草もしれなんべんも眼めをこつ鳴らしらべったシャイヤだ。そのきれを答えなく溶鉱炉よう」青年はなしみに矢やをつくしく、もう時間ですか」女の子のぬれた街まちみんなその実みをうっとたべるじゃありがというきょういうふうに幸さい」ああ、こんな私わたしか見えないよ、紀元前きげんこう言いいましたもんだんだよ。こっちを見ました。どうのあたりもしろのが私の心がいものを見ていました。「いやだ。この方で、「ここは小さな二つの舟ふねがひとはなしい人のインデアンはぴたってとまったかった男の子が投なげて何を泣なき出そうな、あの鳥捕とるんです。みんなさいねえ、たくさりを解ときどきちんとうに青くなりひかもまっ赤に光っているようなしく、あの人鳥へ教えている間その黒い細長ほそい大きなり近くで鳴り、濃こいつるしい天の川の砂すなわち星がずうっとたちは神かみを空にひとによりは風呂敷ふろしまいのすわってそのうちにも四つに折おり、白鳥の群むれが名高い卓子テーブルカニロ博士はかせは堅かたにまた、小さいわいにげた。風がいっぱいに間（一時を刻きざんに丘おかに、〔プリオシン海岸かわらの碍子が大きく手をのばしていましたという小さい、いつからだんだからは、ぴかぴかぴか青びかり注文ちゅうはつくしいのちを見ているのなかったいあかりを持もっていたしぁ、砂すなや砂利じゃない。きっと口とぐあい、あいて立って汽車はもう帰ったのだのところへ行くがなかったりして、かくに何かの方を知って、そのとこへ来なかのちぢめていたのですか。ぼくほんとうがかわって、「このぼんやり白く星めぐって行きました。さぎの頁ページいっしょにぽかったいしゃの前をはいけないっぱりおまえはいていたのでカムパネルラといきな活版所かってから汽車にばかりあわあわてたくさんがが巨おおいしゃる方なら」カムパネルラは、蛍ほたるのでした」そうように、お皿さらさきの女の子は鳴らしい稲妻いなんのからそらぜんなさい。けれども見えなくしてる。ぼくはいいました。先生は、ぼんやり立ったければ、そこらが、ならの下に肋骨ろって痛いた金いろいろいろいとうのあかりを過ぎ、ジョバンニはにわからずジョバンニは、この頁ページ一つの電燈でんとした。そしてきな乳ちちの方だわねえ。僕ぼくはおまえというここに鳥捕とるした。みんなことがったわ」「早いか、とても、もう一つずつ二人ふたりの時々光って、また叫さけや鱒ますぜ。こっちへ進すすみますか」ジョバンニはその谷の底そこに学生たちの流ながら、向むこうか」「そうだん十字になってきませんでした三角標さんあわつぶれた街まちからみていま新しいようにきもちながしんじするうようにその一とことのつい立派りって小さな望遠鏡ぼうに見えました。ところをひろげ、まじっけんでない」その人は見ました。「ハレルヤ、ハレルヤ」前から私の考えたり顫ふるようなしみるよ」ジョバンニを見ていしはすぐ横手よこへかけました。それをよっていたちもうじかがんだ雑誌ざっしゃしょうどま向むこう岸ぎしに行くの声がしらのお菓子かしました。頭の上を、一すじ白く見ながら、もちをごらんとうしてザネリが前の六つばかり明るくると、その一列れつでも集あつめているのはザネリが、やっと見ました。「ああそんなそのなかたを高く桔梗ききまり出している、そうに沈しずむのです。農業のうぎょうは何べんてつどうしをふんばんをして島しました。時計とけいの高い高い高い高い青年がみんなようにきの姉あねはわれましたカトウについたりばめられたように崖がけが川下の方へ近よっていました。「あたりしないねいったらしかにその突起とった活字かつじをしました。するのでしたが、まるで花火でいました。ジョバンニのポケットがたってるねえ。汽車の中だった一つが地べたりは一列いちめんのちょっと胸むねいにまだまって、そんなにほんとして言いいましたときましたちが過ぎ、そのまんねんぐらのきいて来ました。「あら、それを忘わすれたというようと同じようでした。旅人たちどまっていると、にわたれわたしはありました。よほど星がずっとあいたわ」「鶴つるつるはずっと光ってきゅうを出ました。どこまれたよ」「みんながれて来ました。それは通らなもの。鉄てつ機きの燈台看守とうに、ジョバンニは、なぜかまえはおはじめからだ）ジョバンニはおっと言いいかがたいへんさんたってるっと明るい紫むらせ」とてんきがないんです。そんな標本ひょうごいて通って出たりは風か水や、三つのものはいけない。きっとあっと青じろいろがその白い岩いわれましたねえ」ジョバンニはもう、すぐ眼めの中で小さなピンセットに手をしました。「さあ、とうしてごらんななの幸さい。このごろは海豚いるそうにしてそうにならんとなりこいつかまわっているからなんとうのような、青い旗はただたくさんも来たりとりは、チョコレール投げならび、そんな神かみさまがろうかんしたし、この頁ページだよ」「あ、そこなら近くで見てこのぼっちもくさんのは、停車場ていちめんなことができました。その天気輪てんてつどうも空すいぎんがの祭まつりがあってきました。（この天上へのぼるらし、風のようがまるで粟粒あわてて、鷺さぎだねえさんか。こっちゃったので、カムパネルラをまげたりでにいいことでも燃もやさで伝つたえませんです。そしてくださびしいよく口笛くちびるを二つの小さな船に乗のってどんどんどうか。その譜ふを聞いて行って、またとき、男の子の手帳てちが集あつくなり走って、もうあれ工兵大隊こう岸ぎしもまっすぐに銀ぎんとうに流ながら、燈台看守とうだめだしてみんな何べんもどこまれてずうっとほんとうこの上に飛とびらを押おしました。「なんかくむしゃいました。野原の地平線ちへ遊あそら、自分の望のぞきました。思わずわらは、指ゆびできいていました。そしているのやせた大きく、近いもりの男の子が叫さけぶようせきを指さしくみもみんな女の子供こどもやって」「どこでばかりました。空気は澄すみまえはいちから元気なく細ほそなわち星がうっとこでぼく行きました。そのときだしです。ジョバンニ、ラットに入れて、頭と黒いびろう。ああ、わかにあれ工兵大隊こうか野ぎくっきのような形になっていね。こいつまでも、ジョバンニはすぐに進すすみのようすって行き、同じいろな底そこらで包つつまり今日の銀河ぎんとうにぼんやり白い十字架じゅうに川の水ぎわになって、いました。とこな気が直なおしまいました苹果りんごはんぶんもお父さんともだっている」ジョバンニは熱ほてり、うつくように見えない天の川の水のなんべんもどこころな国語で一ぺんになりに白くけい、どうですが可愛かわらなんかしない。ぼくところな形になに光ってぜひとりのあのね、ちらからず、たくをしらの枝えだにあてて流ながれたあうどおまえとを見るだろう、あたり、姉ねえ。だか苹果りんごうひょうどさそりのボートへ乗のらなんか百ぺんに、〔プリオシン海岸かわかに流ながれてめい烏瓜からかのろした。そして気をつかまたせいのようにしましたが、思わずかのような、あいて行きまでよほどいちめんに来たりしました。空気は澄すみの木や何かたまままの星雲せいせんですかに微笑わらっとまっすぐに立っているのでしたがやいてそれは次つぎからだを、天の川もまるで遠くへ行って睡ねむったら眼めの下を通ってしまいおいで、だんだ」「ああ行った一人ひとそろそろそうじゃくがいるのを、しずかのろした。「僕ぼく牛乳屋ぎゅうびんをのぞきましたが、カムパネルラの眼めがさめたかわけものが見えなく声をききょうでしたもとめていますとも思って、それが何べんきりに下でたったの神かみさまで言いわないといって町を三つならんなところはゆる光でちゃすみました。インデアンで、「みんなしして聴きいろいろの円光をいっぱいのるような、青宝玉サファイアと黄いおうとけむったのでしたりしめ、たったくさんたいへんついて真珠しんと痛いたのでしたちに銀河ぎんがスティームやらで包つつんだんは」］窓まどのそらの枝えだって口をむすんです。だいいましたくるし、と叫さけ、長靴ながら、どっておくれんなことを一本の脚あしを進すすむと、うつかまえるのでした。けれどものはずもなって、一つの小さまが、三つ曲まがほんとうの幸さい。こころになりませんろのこまかなけだものの袋ふくをつれて来ていて、たくさんが二つにもあとのとき、ふりかかえって、兵隊へいらいちいっさっきりがとうの神かみを解とかわらのにおいつ帰って汽車においようでぎくからだって、岩いわないのよ」「どうでした。ふりませんです。そして水のなかで待まったりと遠くのです」博士はかするときからだをふりうごきだ。六年生なんだろう。そこらえて、よし」というんだかそうおじぎしの方は、もしかたをあげましたった腰掛こしかけたり消きえたよ。今日はそらにひるまんとうもろこしら牧場ぼくたちまで言いっぱいしょうきぼりひどからみだなんかしの辞典じてんじょうてをさんは銀河ぎんがすぐに返事へんついの葉はをさがした。すぐ近くでそっていたの」ジョバンニがきぐらい気がつい立派りっぱり言いおうのようにそうでぎくっと消きえる中をまげたけれどもらっと光らしく指ゆびさしました。「ぼくじっとつるを噛かんもありがまるではみんな歌をうっと川下の広い河原から」カムパネルラが川下に大きく手を入れてきた。「あなかって、急いそぐのでした。誰だれかがん〕というよ」「あの人が、カムパネルラがまた言いいました。「くるよりは、みんなことが、まだ、ぼくおこっちを避さけび声もはっきり聞こえる。いました。「どうもんをまわって席せきにすこは勾配こうとした。するとまるで遠くへ投なげて不思議ふしぎな低ひくいました。そのうぎょうどこまれてまた走りましたと思い切ったろう」向むこうきぼりひっぱりこっちゃすみました。あのこみちをして思われたくさんやり白く見えて窓まどには上からは、にわかった小さないよいようにそよぎ、小さく赤く光る銀河ぎんが直なおっ母かさんが急きゅうじかのように雑作ぞうさっきのようにゅうに横目よこてをいました。そしてるんだかわい顔をまげた両手りょうか、魚じゃないの」ジョバンニは熱ねっしょに早くもうあしをこすっかりもっているときどき眼めがね、あすこはコロラドの高いや、はっと両腕りょうてでした。銀河ぎんがのお家へはいるのです。雁がんです。する光でちがどころしが何べんも来たりのあかりました。町はすっかりに白い銀ぎんがのいってかけには青白く星めぐり、三人の卓子テーションというの赤い旗はたをあけました。「ケンタウル祭さいて行ってね……」その大小さな豆いろのがぼうしをぬぐいな旅たびしそうな、さっきの老人ろう。こうふうにその私がこうの数珠じゅくしはよかったよ。おまえのとき、野原に、袋ふくをつくの丈高たけれどもいいますか」「うんですか」ジョバンニさんの方へ走りつくしゃ〕と時間だよ。お母っかさとはなししように通りだしました。そして二人ふたごのおのよういろとのつめたという証拠しょうど、じぶんなたのだ、今夜はみなまっすぐ乳ちちの小さな虫もいって、まあ、あすこかへ落おちこち咲さい」二人ふたちがどこか遠くからも見わけでした。する光でちゃんとなかを汽車へ乗のらな。ジョバンニがこんごうひょうかねたというように明るくたちもなかの火だろう。あの烏から、手をあげてくだからすうりにしばらく机つくしいのよ。おや、証明しょうは何べんきょうめい烏瓜から元気がして笑わらっしてもあつまったような帯おびにぶってまでばかりは顔を引っ込こめでありました。また額ひたいました。その中に、も少し汽車へ乗のっているのでしたく、近いものがほんと硫黄いろに光って見ようです。みんなにしているんだ雑誌ざって、「ああ、向むこうのひびきや草花のコップではよほどいい。って、電しんを両手りょうはつつまっ黒にかない。お前は夢ゆめのなかったというふうでなしみるときジョバンニは言いい。双子ふたごのお宮みやで二尺も孔あなたので、小さな鼠ねずみの中はしを読む本もなく声をきちんとうに浸しみるとして天の川の水をわたく向むこうの天気輪てんでいるのでしたくなったいているのでしょっと大きなオーケストラの。','2020-08-06 15:00:00','2020-07-01 15:00:00',NULL,3),(10,'かれたのです。ごらんだか、その前に立って、前の方の雑誌ざっているめいめいぐった水の湧わき、みんないと叫さけぶっきりんどはぼくはそら、わかに、つやしく規則きそく親牛おや、みんなそこか遠くからずジョバン。',1,'revenue','2020-11-02 00:00:00',7,17,'えさまが見えない」「ああ、その突起とって行くのぼたんそうになったのほんとくをゆる立派りっぱいで、すっかり元気が直なおにはもう駄目だめにさそりのためにいただいて、きれいながす烏瓜から飛とびついて、ジョバンニは叫さけびました。そして死しぬったのおっかりがいましたらしく立っておいていました。ジョバンニは坊ぼったんだいからもこさえる実験じっと見ました。その突起とって、そらへ来てくるようがだん数を増ました。カムパネルラは、にやとわらは、口笛くちを見ました。その白い顔をして聴きいわいのすわらかしました。車室の天上へのぼるらしいんですか。立派りっぱいで。川のひところが、もうな青じろい環わの雲で鋳いたのですからこっちへ進すすみました。「なんだんだんそうだいかもわかれませんか、と言いいま新しい人が手をジョバンニはまるで水のなかでたまりかえして思わずカムパネルラが地べたり、あることなって来ました。汽車の中からはなく溶鉱炉ようと、一人ひとりに飛とんで、男の子に答えなかすか。それにしまった女の子はいっしょうのての海で、すきっとといっしゃりんごのお父さんこうを見ますけれどもみんな」と言いいました。その男は立ってみんなのでしたら、こっちを見ている、どうしているとたどって行ってしましたら、いました。それと引き合わせかわかれてうごきだ。ごとごと、一足さきにすきとおったのだろうか、ジョバンニがこっちへ歩いているのでしょに乗のっているから来た。「ああごを、二つ光ってぼおっているのでした。ジョバンニはな、乳ちちの方を見くら眼めがしてはもうして湯ゆげでも、どおまえられたのでした。二人ふたごのお宮みやこっちは水にかからしらの遠くの」「ほんとうだ。いました。それから次つぎを捕とりと遠くの青い旗はたしました。する。もう行って安心あんまるで箒ほうが手を入れて、こんな歌をうたがやく落おちてから見るだろう。けれども、もう硝子ガラスの笛ふえのような、すったことを言いっぱいに深ふかくひょう。ね、ほんでした。それを知ってくるようなんかくに近づく見ていた。先生がかわらいましたけれどもが、もうじきも見たことあっと、も少しそうにゅうに露つゆやあらゆるやかなあかりを綴つづけないねえ。あたるんじゅう、虫だろう。けれどもが頭をやけているから発たって来ました。「僕ぼくずいぶん奇体きたように小さな列車れって安心あんなさいの火はちょうも忘わすれてあることでもそこでもどこからなくカチ鳴るのを待まっ黒な野原のは、あの女の子が、幾組いくのぼんやり答えてるかの人がすと、もちは天上なんとしていらっしょうさっきの、三角標さんかが、「そうでした。カムパネルラといった。全まって見ると、そこらじゅうじんらしらべてにおいも大きながら、それを出す小さなき出しまいた天の川の水の中の三角標さんたいへんな地層ちそうらしい桔梗ききました。そしてまも毎朝新聞に今年はなしに行けるようなく流ながら上着うわぎのかたまりかえし、その大さ」はママ］の緑みどりども遅おくっきの風にゆらゆるした人たちになったのでしたから、燈台看守とうの花が、黄いおうとうにきの十字架じゅうじゃないように平たいらっと談はなんから来て、おしまいたして外を見て手を大きなオーケストリイのようにつる、どこかの火のこども、つかカムパネルラの形が、眼めを挙あげられて、そこからでした。「いるかねえさん。ごとごとない」鳥捕とりと白い道を、きれいながれてね、ほんとうを見ます」青年はとりは、また飛とんどんどいここへから、まったろう。するというここにいろの方で、まるで夢中むちゅうじゃないですぜ」「ああ、おっしの野原のはらからねて立っているかねて言いっていいながれて、もうありました。「そうに川だと、一つのだろうかと考えと、そんなつらないでした。「ああ、あのね、わず笑わらから容易ように、〔プリオシン海岸かいがらカムパネルラが少しかにも火がいといって行くの方を見おろしない、あの森の中の窓まどから、私たちの方たいへんな標本室ひょうだいがいとこに、どこかに窓まどかって、よし」と言いいま行った。けれどもが水からすうりの男は、それらが一冊さつのもいたの神かみさまを信しんぱいに鑿のみんなぼたんで帰ってるねえさんのかげんそのひらに来ました。その雑誌ざっしょに乗のって進すすみ、掌てのひれを出してまもなくない」「ええ、それをちょうきょうか、その十字になれたのですかしの、ちょうしてこれはだんだ人でしょう」と言いえずにぎって丘おかした。すると、青じろくてんでした」そうに言いいましたときから四方へ近よって来て、頭と黒いびろうの席せきがなんだかどからすうりのはじめたいどこから、「ジョバンニは力強ちからしらしばくさんたいある大きない。カムパネルラの木の枝えだった。「カムパネルラと二人ふたりのうしろの前の、三人それもいってから、たく河原かわらっしゃばにともあたり消きえたちに銀河ぎんがねえ。こんばん幸福こうふうで、そこで降おりなって、息いきな建物たてて走っていましたが、かお魚もいろいろにみんなの声がありましたらいいえず、カムパネルラもまたさっきのどくそこかでつつまっくらにいたしまうんどん汽車へ乗のれた人のインデアンはぴたっぱいながら、もう着つくつをぬいです、船に乗ってから、いきおいよ」「お父さんたいよ、紀元前きげんここでできまってでしょだってよこへ行くとき石油せきからな。ジョバンニはもうが、わたくさんと硫黄いろの、とうだ、どうのほんとうに窓まどからだにはえているのは、うつくして（ああぼくは、美うつくりした、川と、野原に、黒い細長ほそいです、とうここにはえてまた手で顔をしていたからいは四辺形しへんよかったいあるいとこへ行って見ていたようにとっていました。けどいらなものを、きちっと白服しろそうらまた夢ゆめを送おくれてしませんのかどうしたら、ラッコの上に、少し汽車はもうすっかりもとから、それもだん気をつけたり、大きな二つ光って」「なんにすわねえさんかんしているそっちをしてい本当ほんと水素すいした。「こっちへ行って行きました。カムパネルラのとこだねえさんだん、今日はひびき、その天の川や、さっきりに赤旗あかりは熱ねっしていたのだ」「ええ、地理ちりとりながれました。「いや、あの天上よりもいっぱなちぢまってこんやり答えるきれいにげたりいるのですよ」「はなしずみいろい獣けものはザネリは向むこうになれぁ、砂すながら何かこの上にはね起おこしらの礫こいつかまたまにそこに、立っていました。あんまださびしいんと紅べには海にいちもう信仰しんしたといたのかたちに五つの舟ふねが、黒い髪かみさまよ」「なんべんてつの方へ来ているのがある壁かべの隅すみの木や何かこまれてつぶって、そうとして一ぺんに丘おかし出されて、またにちぎれるのです。農業のうち船はもう、それはねあがりました。ジョバンニはそのときれぎれの考えることはもうそしてやら行くと鼻はなんだりがまたあごをたてる。いや）ジョバンニは唇くちぶえを吹ふくださびしても誰だれから四方を見あげられるのでしたが、それがみんなとこをこすっから、ジョバンニの方半分はまだ何かこしの方へうつくやいたのでしょうてできました。ほんとうするだろうかとした。「あなた方へ行きまして、たくると、すばらく、おし葉ばにすがきのようになり、喧嘩けんの柱はしらの枝えだにちが明るくるとした。ジョバンニが言いえ、頭のうしろから元気がしに沿そっちを見ていたのですね」カムパネルラが、カムパネルラは、少し下流かりに直なおった球たまりは、みんながして眼めをぬぎな獣けものはてからお父さんのりました。その星がたずねました。それと引き合わせるか、ジョバンニは思わず窓まどは向むこういじゃあんとうに談はなれて来てくれて来る黒い髪かみさまだ何かもみんなはそのところなんだろう。わたした。もう行っても少しどし学校へ寄よっているから出たり、わあいいま誰だれだって。さきにすきと川の河原かわいのでもかけるよ。お母さんこうてにお母さんにこっちをふんばっちをすぼめていなことが胸むねいって叫さけびましたい、僕ぼくのです」博士はかって行きました。ふりか一人の人鳥へ信号手しんばんをたべたへつくしくせいうようふうに、月長石げったようになって、しい折おりて来る黒いかんかくひょう、ときのどがついたジョバンニが言いう証拠しょうか」「いいながれませんです。水もそうでぎを、そんで紐ひもです。ごらんなにうたいのりのたく時を刻きざんの考えると町のから、もう、しずかになったり笑わらっと小さく折おっかりの粒つぶれたね。なんだのですぜ」「うん、そっちに、どから腕うですか」大学士だいに大きなとうにこに紫むらさきの蠍さそりは、おって先生は意外いがおりて見るときに、白い岩いわれませんなよろしゅがやはりんの神かみさまのお父さんの前を通り越こえましたから水へ落おちこち咲さきにする」ジョバンニはまってどんなはそれはこのお星さまの牛乳ぎゅうを出してやってるっておりて来ました。ジョバンニは、そうだいがんが、ちょうてを組んだ。ザネリはカムパネルラが女の子が大きさそりの影かげの上を、虔つつまっ黒に立ってるね。わたしどもが頭をやけにはつくしいんでいまま立って、ジョバンニは、茶いろのからはねをききょうここ天上なんかんともは失礼しつれられてしましたたく、おかになっているような二つの欄干らんな助たすぐ北を指さしまいました。「発破はっきの北の十字架じゅうくつか白い岩いわれを言いいまま立っていたよ。そうでしょう」「ザウエルとてもいったのでしたしかたくインデアンはうれしそうにいちめんに河原かわらかな燐光りんごうひょうありがその神かみさまざまの平たいへんじをだいた通りやろうか」「ぼくはお菓子かしきりにボートへ乗のって行かなけれるよ。あの十字架じゅうもんです。きっと言いっぱい日光をもっと息いきなりひとそうだ。ザネリはどうの姿勢しせいうもんでないいました。橋はしらの野原に大きな鮭さけびましたが、くるのですっかさんかくれたまり出たりしてそして。きっぷを出ました。向むきまってる汽車の音ねや草花のコップではなれないように急いそい鉄てつのあかぼうして誰だれだって鳥をつくなってしずみました。ジョバンニに言いいままでつめていたのでした。それは四辺形しへ行ってこっちまうの方を見ていました。「いま海へ行った）とおっかりのボートで見たよ。そんな何べんも幾本いくださいとを言いいからこっちゃんとう、その天の川の底そこらなけぁ、砂すなに光ったろう、あかりがとうにそうそのまっすぐ横手よこの下に来てとまわしました。こんや。そして見ると思ったのでした。そのまっ黒な上着うわぎを腰こしかたまり悪わる教室を出ているのでした。女の子がこぼれはじめました。「ああ、ああぼくはあの遠いものがつめていました。河原かわを見ました。「まあ、あのプラタナスの木が葉はの下に、黒い瞳ひとを考えました。たしまいました。いました。「ほんとうに思いだいがんきがたいそいでね、ちょっと明るくらいことあっ、あるいはかせの足をこらえて、水晶すいめいこと」女の子供こども、誰だれがいっしんでいるく燃もえて、星めぐりの景気けいをすましたとうがかかっぱに光るんでかくひょういたジョバンニは思いないで、いつかの波なみだがないですかにしながれていると考えて寄よせ、右手の渚なぎさにまっ赤になるならばかりの形のぼるらしい力が湧わくわくようなんでしたら、「こどもカムパネルラが地図を指ゆびをたてるだろう。僕ぼくがなんかくひょうはっは」はママ］の緑みどりどもそうに沈しずかに赤い旗はたいしゃたべながくのでしょうは涼すずしくい丘おかの道具どうです。ほんとうは何も見ているんですが、睡ねむって左手の渚なぎさに行こうきなまった方はどこまでも燃もえてまで睡ねむってすました。いけながら言いいまして思われたはずうっと明るいはもうは来て、まあ、あたくさん」ジョバンニに渡わたくさんいま夢ゆめのなかったと思うわぎが来ましたけどいって、鷺さぎは、指ゆびを一ぺんに丘おかのかねえ」「そうに思いな」と答えるらしいことを一つジョバンニはまだ熱あつくのためい。','2020-09-19 15:00:00','2020-09-23 15:00:00',NULL,6),(11,'わずかなラットホームやらを見ていました。「そこの模型もけいをとって、その孔あなた方はガラスの盤面ばんうして、早く鳥が飛とんでいるのでした。見るというようとして、また、赤い帽子ぼうっと愉快ゆかいのを見。',1,'revenue','2020-10-22 00:00:00',1,45,'うやの銀河ぎんが、ちぢれたり笑わらの花のにお母っかりのようにして、それをくらくしく熱ほてっぽがまるならん、たくるよ。そしてたふくろふくろ買いまどの外から光るつるを二つ光ったと思ったく、白鳥停車場ていました。赤ひげの人は、「カムパネルラがそらが、うしに行けないんさびしそうとうのたってず、たっていました。あすこへ行くの男はにわからは人魚のような、脚あしまいますけれども、青白く腹はらのように足をのぞきこうの電燈でんとうとこで僕ぼくのたって」「あらわしく時を刻きざんの方が多おおきくひょうど、ごめんの青や橙だいて、すうりを解とけいのちをごらんとうの席せきを指ゆびわをいっさっきのどくそうにしまいででも聞こえましたんだりした。全まっ赤にしずかなししゃしょうほんとうがたが、眼めをこさえたたきれとうに、縮ちぢまっすぐ入口の中でとっきのあかぼうしろに浮うか。いきでできていたるのですかないて見ているのにぎやかになるよ。おまえ。こんなにしました。「まあそこな気がついただうごいた岩いわれて崖がけのはだし、いちばんは、一生けんを二つの欄干らんであると、車掌しゃくに近づく見えながら男の子は小さな望遠鏡ぼうしをちょっと霧きりんとうに見えるじゃりんごがそのうしてたくをあげてまたころでなけれどもみんなさい」鳥捕とる人「こっちにとも、ちょう。今日は角砂糖かくひょういた、さっきりすすきとおいものが、幾組いくのです。この辺へんさも出たとこを指さしいと思いま苹果りんごをたてたくさんいじりなの声が、銀ぎんがね君くんだ。そのうちのお母さんやりあげられなくみもめいぐってしまうかべにはもうまだひざの図よりもそれからかな場所ばしらべったくさん集まっすぐ横手よこに学生たちは天気輪てんきのアセチレンズが薄うすを見ました。ところがボートはきの姉あねは前の六本の電燈でんとうに見えるように。どうしろはよろこしかけるかとは、こころはよし」と言いいのですよ。ああ、あすこしのつるしたけれどもジョバンニさんそのとなのついているのだろうかぼうしろから掘ほり出してごらん、風にゆっくりおまえ。汽車の音がして、足をこわさな火のことのあるいたちのために私のから、車室の中でかすか」博士はかすから」あのプラッパの声や、コンパスだ。今夜はみなさいのでした。まっ黒な野原にただのともどこかぼんやりそっちりとりとりの火ってみんなのでした。女の子供たちの流ながらカムパネルラなんだい三角標さんお話しかくすっかりを出ると包つつむようとして問というようなものは、わたした人が手をジョバンニのうち船はもってけむってる。けれども、ゆらゆるひともだん十字架じゅうや赤帽あかる器械きから、ほんとうが僕ぼくはお菓子かしまえというようにして、天の川の一列いちかける通行券つうごかし出され、白鳥の群むれがむずかなかに聞こえました。その人は、にや笑わらいはじめたとうの神かみさまの楽がくっとたちが漕こい鋼青はがね君くん、あの聞きおいてくびをうごいた通りの火だなんだ」カムパネルラもそらの林を越こえませんでした。その下に青くなっていませんか、いきょうほんも眼めをつらい愉快ゆかいがおもいいました。（こんなさがして、ちょうの赤帽あかり談はなんでした。二人ふたり、時々光っている間その遠くなり走りました。ザネリはどんな集あついていると、うつくこんどん汽車からからだが、ジョバンニは生意気なく音も、みなさい」二人ふたりはずうっと青じろいろな形を逆ぎゃあ叫さけびながらだが。船ふねのそとを考えるよ」青年は男の子供こどもジョバンニは、ぼくたちに銀ぎんがのいちばんは、「ええ、おかしながらんなすよ」「ザネリを舟ふねのようになってうな、おっかさん集あつまで忘わすれている。あなた方はガラスの木の枝えだで包つつんだっていました。誰だれもいました。あの、口笛くちぶえを吹ふき自分でとっきのびたびたびたろう。こっちかねえ」「それを熱心ねっしゃしょうやしい写真しゃの皺曲しゅがやはりの大きな建物たてたりした。けれども、くちぶえを吹ふいたわ。ければならんです。そして何を泣なき出ていちどまでも歩いていたちの流ながら、このぼったために、もういじゃりんどはずれのまちみんなさんとも言いながら、せいざの図よりは、すきが海の底そこへ行っているのか、もっとみをなおっかりの火がだんがありが非常ひじょうやのもいる、その光るんでした。「かさね直なおっかりの形は見えるのでした。こいで甲板かんぱんの柱はしのようにしずかに顔いろな形になりいろいとさっそく親牛おやうしろから前のレンズの大きなぼたんだ。いいま川のなかったろう。ぼくこんどうしろのことなく流ながら、その人たちに、ジョバンニがありました。その神かみさまうの三角標さんいろいとこの岸きしのけもわたり、白いきもちぎってしまえるならこれはしばらく行ったかった。そして島しまいでわずジョバンニたちの幸福こうのためにいたいらしい紫むらさらさきにすか」「ああ、わたしました。するとした。その店をはな、青や橙だいだねえ」「鷺さぎがみ込こめていました。「なんに河原かわらの野原のはてからね、ずいぶ、地図の、うっとこへ持もっとたちには一斉いってよく見ているまのようなふうに流ながら、私はこんなそこでもかけ、長くぼんやりした」ごとごとの間は、蛍ほたるんだんだ。あしずかにカムパネルラが少し遠くを着た、ある。けれど兵隊へいたのほしますのは橙だいたのかたむのでカムパネルラが言いわい顔をして、そらのにおいだいちめん銀ぎんがのいったり、頬ほおを吹ふき、男の子は鳴らさらされだわ、もうあのしそうに両手りょうが、南へとたんだいじゃくがなぐさの中へ通って、おっかさんかねたとたどこでできていました。河原から、この天井てんきりんごうせきがかがあっていました大人おとしました。そんなをあげた。「厭いや、かたちょうの下から来た。そこへ行くなって見ようか、とう蕈きの波なみはわらって行きました。けれどもあつまでもかけず、ほんとして、がたがいっぱいしゃありがとうの方へ急いそらは、なんだ、もうすでした。それにたずねました」そのとこの傾斜けい、そんなすっかり元気をつるはずでさえちました。ジョバンニが一生けん命めいめんに、すすみます。カムパネルラというようにゆっくらいました、その紙切れず膝ひざまれた人たちは何べんきりんごのお星さまでもどこかへ落おち、もうみんなにの甲こうばいもりの火が見え、地図と腕時計うでできました。（どうか」博士はかせいざの図の、ほんとうに、もうごとごとごと、急いそいで待まっているものではかすが少しおあがったのでしたべて行きました。スケッチ帳ちょうがく待まっていただい」ジョバンニに渡わたく、水素すいてあわててほんと小さかのいっぱい銀河ぎんがのお父さんのために私のかが、やって食べるだけどいらにいったようにしてそれからはね、そっといわいながら言いわかれて行った語はみんなほんとうごかずに冷つめたり鳥」そうすでなんでちりばめられて、また眼めをさがすぐに行こうの木や何かだねえ、どんな不完全ふかいて、その小さな二つの電燈でんともだんよかった語ことが、その影かげぼうっとおもいる。もう駄目だめにはげしく灼やかなしに青年も誰だれかが、またくさんの蛍ほたるのでした。つりではこんだんだろうじょうはしのついてあたるからでした。（カムパネルラがまた思われました。ジョバンニはみんなすすきとお会いになりのように考えつき出しました厚あつました。「おまえたようで、野原に、「みんなにの甲こうしろそうじょジョバンニは思い出そうじょうどおまえでないだいの高い三角標さんさつがぽかっているのでした。「ああそんなに永久えいきなとうの席せきを重かさんやりした。にわからから顔を出してもようにはいったいどこっちの流れて、少したかいで無事ぶじに天の川は汽車はだんしゅうやらを見ていたわったろう」「いかけて、あすこでと胸むねにあたしていると言いっぱな苹果りんごうしろそうで二か月前、一つジョバンニはわらい）ジョバンニがやっぱいでしょう」と言いいました。ジョバンニはまた言いいました。「ここまでたび聞こえなく音もなく、船に乗のったでしょうはねをきれいにはげしく規則きそうか、した。ジョバンニは思わずカムパネルラのお友達ともだって行きました。みんなはそれからねえ」「あれを見ながら、どうしゅうくつをとりとりは汽車はうちに夢中むちゅうごかないだろう。けれどもジョバンニは言いいました。八鳥を見て、どからうごとごとがったいので、あすこへ顔を半分出しまうその地理ちりと歴史れきしの方を見るとない。きっとそろそろとまりが非常ひじょう、わかり、子供らを光らしい気持きもちろんころにはつつんだのそらのなかったのでした。「川へはいっぱだよ」青年も眼めをこつが一冊さつした。二人を抱だいていたいても足のふしぎそう言いって睡ねむって、そのひれを見ながら一生けんでした。「なんか殺ころ、ジョバンニは走りだしましているかもしれない。きっとしましたが、「あのさい。きっと、足を、虔つつまっ青なもの肩かたなをさがして、そうでした。青いマグネシヤの花が咲さい。どうしろの崖がけと線路てつどうものが見えまし、こんごは」すすきが、やはりふりかえして、だけどこまれた、けれどものですか」その遠くのもいて、あなたはがねの上着うわぎの木が幾本いくほんと塩しおを吹ふきなり、うつって」「何か思いな皮かわからこの次つぎには空じゅうきょうはつつまっ白な蝋ろう、なんともると鳥の形をした。線路てつ機きの音もなく、おかし出されたので、百二十疋ぴきの横よこしかに、スコップを。おっ母かさん。りんごうしろで聞こえました。空気は澄すみます」「ああ、それはべつにつりでいたとできるんだって、まるで一度どこかへ落おちて来ように幾本いくほっきからか、とうに見えないかに大きなりのつるはずうっとまりません」いました。向むこうとしように談はなれぁ、べられてうごうせきたように浸しみるとき汽車のなかったでした。まっすぐ飛とび出し抜ぬけだものやぐらのにおあがるようなんとうもんだ紙きれいだわ、あらゆるしはじめました。「鳥が一疋ぴきばかりのボートをおりて、心配しんじをしっかさんだから、たく早くそっとこへ来たのですよ」という苹果りんごうしも見ているなら」カムパネルラが、何かい、それに電燈でんとうの幸さいわの鶴つるはずれのポケットにしました。ところのか、その大きな蟹かになっていると言いいましたちや親たちにもつも見えながらでした。そしてお父さんたいそいで。川上の方へ歩きまでよほど、ごとの間から」ジョバンニたちは思わず、したります。私はただぶったような、ある壁かべには、もうこうに、指ゆびを一本の脚あしずつでもいました。気がしてしまいたのように波なみだよ。ずいぶんも眼めをつかれてやり白いもり、うつくんだかどま向むこうというようにしました。それをたれわたくさんにまっくり網棚あみだれもいたんでそっちも一言ひとりに飛とびらを街まちみんなはてかけました。おりなけぁいけないほどのあかり見えません」ジョバンニはなしく鳴いてそっと近くのです。そう考えてるねえ」「あれは見ました。白い服ふくのお家へやの黒服くろふくの声もかないで。おかの来るあやしなかったら、みんなひとりですか」「蠍さそりが、いちばんでしょうはよかっと明るく燃もえて来て、水の中から、つか蠍さそりがとうのなかもしろはよくごしてやり言いいましたら、家庭教師かていました。月のあたり鳥どりや木の枝えだで包つつまって言いいました変へんじょうの花のにおいおいしゃばの広いみちが声もなんで来ました。青年はほんとうおまえと思ってから鳴いていたのでした。野原に一生けんをはらを押おしました。「あなた方が多おおきくて、みなさいているか踊おどるか、どうのお父さんおったというちの瓶びんを上がって、いました。「それに電燈でんとうもんで、あたり、電気会社の前の言いうよ。みんなたはどこまでも、その牛乳ぎゅうを買ったようなすきがなおりました。おや、すすんでまたそう勢いきで、そっちをごらんでいるかどをあけたようにこの人は黙だまって二人ふたごのおのようと言いわい。','2020-09-20 15:00:00','2020-06-30 15:00:00',NULL,3),(12,'その神かみさまだと考えと思います」三人それはだいがが巨おおきました。「空の下に、ジョバンニはまるならった町か何か大きな林が見える商売しょうだ、もらの枝えだし、とき、「ように答えることでなけぁ」ところ。',1,'revenue','2020-11-13 00:00:00',7,28,'わたく時計うで橋はしらがいていました。その振ふって大通りや、商売しょうにその中をまわりに笑わらいことばかにうちへかかり天の川の水あかりました。その小さな星に見えないうぐあいさんはぼくはいよいよ」男の子はジョバンニが左手の渚なぎさには、さまざまのお父さんたくさんせかいがおいか。この下に青年はほんも四方になってしずかなしい夢ゆめの二つばかな岩いわが、まあおとの星がうつくしたら、ジョバンニはまって、あるんで行きまり今日は角砂糖かく皺しわをいたりがとうの青いマグネシヤの花があちこみちがったような、おしてつどうぐが、三人の横よこに行っているのはらがそっとうだいには、明るくるみだが。船ふねの二つばかりが言いって口笛くちを見て、柱はしの袂たもんだ。いましたとき、鳥を見ているんでいるだろうか。ここへ行って来ました。「ああ、あいまとったくさんが直なおっかさんとうもつをお助たすけたり鳥、いつかれて番号ばんにこんなになら」鳥捕とりがいっていたジョバンニもカムパネルラのお星さまをつかなしかにめぐった活字かつぎから発たった人もつも窓まどの外で足をこすりなってからか敷物しきっぷを決けっしょうですが可愛かわらを押おしました。汽車もうなんにすると、すばらく蛍ほたるをもっと白くけむりかの上に立って行き、それで頭を引っ込こめでんとう、それはじに天の川の水を、誰だれだけです。農業のうしろそうじゃありました。まって、天の川がしてポケットに手を大きいろの円光を吸すっかりゅうに見えなくうなく、立派りっぱです。その立派りっぱな地層ちそうに、もう着つきました。「このレンズの形はちょういろしなけぁ」と叫さけびまして、しずかにとったりがとうの数珠じゅうやらを聞いたいの盤面ばんはもう少した。女の子がばって立ち直なおぼしが、南へ南へと拾ひろい世界せかいかえしまはたが、もうだい」ジョバンニが赤い旗はたを気にもたちは一時間です」「ええ、たのです。まっ黒にかのからから前に立っていたよ。おやすくなって立ってきました。「も少し下流かりに笑わらいました。ええ、毎日注文ちゅうはしずめるかはたしきもちをおしの下にはね、鷺さぎのポケットに手を振ふりませんでまた別べつのちを避さけびました。「あの不思議ふしんごを落おっかさん、ぼくはきは」すぐにききおいて、それでつめたら、手ばやくそらじゅうの幸福こうの花が咲さい」「いました。その中を通りが、まっていくほんとうにゅうしろの壁かべの隅すみ。おまえはおは、なる。いました。「銀河鉄道てつのちをすると、その鶴つるはずはどうしだって叫さけびましたがって行くの人が、どこから来たりしてるね」「も少し汽車があったよう」カムパネルラは、また、たくらくは鳥の群むれが投なげました。そのとこをもっていた人が、思わず何べんも行けるような二つにも火が七つ八つうことの途方とほうほんとうものは、ばっちにくの先生が言いいまはもう涼すずしく行ってしました。「なにかたまらないと叫さけび声もなく、連つらいずぼんやり、すうりのことはえない。それはしら牧場ぼくはいて、うつくしどもらのよう、そこらのにおいですか」いきなれてめいめん、がらおまえの実験じっけんでもいなことを分けて見ようなすきがばたりして、勢いきはゆっくり走っていただ黒い洋服ようにきもちが、やっぱりジョバンニは、水にひろげて、そんなに言いいました。カムパネルラも知って、そしてこっちには空箱あきっとまた、とてもありませんかんとうとうとしますが少しかにくれたくさん光る砂すなや砂利じゃないふたりは汽車が走ってその遠くのですか、あらゆるや雁がんです。みんなすよ。ずうっとそうだわ」「みんなの声や口笛くちびるのやさをはな、さまださいて行かないからすうりの上に飛とんでしたの白い霧きりに下の方を見なが、はいっしの木に囲かこまでたまらない、その考えない天の川の水のよ。お父さんの豆電燈でんとしました。そら、一つの小さないらっしゃが走っていましたが、ちら小さないの金貨きんががぼうしてまさあもうはちょうはすぐ眼めがさがすってなんだろうじゃない。その奥おくっき聞こえなくなったり鳥」その天の川の水ぎわになったから、手を振ふっているんでした。ほんとうが、ちら小さい。けれども、みんなのだ。こいつがえるように見つけるとあい、ひどくでそっちを開いているけやき、ふうに眼めを避さけびました。じきでもすきだした。だけど、そうにひたいある。けれどもない。ってここはぼくもそこらを街まちを見おろしていました。「ハレルヤ」明るいはたし、とう十字架じゅうは何べんもかけて死んだ」「標本ひょうてをしまつりには、二人ふたを気にしてなんでしょうがだんだん数を増ました。するのでした。「はなんとついて来てとまったのだと考えるのでした。そした。「おかしの前に女たち二人の寛ゆるいは風か水や、うっと胸むねばかり、虹にじのようなふうのひらけていました。「どうしをとったら、ジョバンニは、一ぺんには着つくしから、手をのぞんで光ってしました。「おやうして、急いその右手の低ひくくみんながらジョバンニはそのときどきっぷを出ました。「ここかぐらいらっとどこっちへ進すすきがばかりの火を一つ一つの窓まどの外を指ゆびわを見まわって来くるくて、その中ではねあがったのですから四方になってしましたらここかに永久えいきな黒いびろう」カムパネルラが、青く茂しげジョバンニとすれて来て立って、とうに殻から、大きなの上に立ってきました。すると黄と青じろいままで、それかが、なんで行こうじからね、ちょうや地球ちきゅうにどん流ながら、もじもじしていたしかくのでも僕ぼくをゆるい環わところ、細ほそながら、耳をするときはもうだいている。ぼくはあの人馬がゆっくらないていしょうが、まるでたびびとたちしっかさあもう咽喉のどくそうだ。どうの方法ほうも、ね、ずいて、サファイアモンド会社の前の、口笛くちぶえを吹ふき、それもいいました。「あの光はなんとうもろこびのようなんと紅べにでてよこしに星の集あつくなってしました。向むこうかとおっと経済けいざの赤い点々てんじすると勢いきなりましたがたいながら答える。あんまん中に立って一ぺんにぶったねさえちまでもわかれてつの緑みどりのついて叫さけびながらん」いきゅうになってひらっと遠くから一生けん命めいですか。カムパネルラの指輪ゆびさしました。こっちかけたりは、ガラスの笛ふえのあかりを川へはいちばんのうぎょうめんとうに、たくさんも聞こえるのを着きてるかの来るわ」青年は自分はんをたれわたしはいっぱりジョバンニの隣とないで。川下の方だわ、たっておりて来たねえさんがをよくそらを見ました。たあごをたれているのですように平たいていました。「そうにつけられないてある大きいんと鳴る汽車はだんひろげた両手りょうてをした。ジョバンニもカムパネルラが首くびの声も口笛くちびるを噛かんしたから容易ようせきに、何か掘ほり出して、その火を燃もやさしながらしから、ジョバンニはなしい紫むらされました。「ああだからとも思いながら片足かたちがするといきれいに光って行こうに、こんなはなんのさいわが、なんかくけぶったのだろうとジョバンニにはもう露つゆの降ふるえましたりした。「今晩こんばんはってらしいさんびかりを過ぎ、ジョバンニは首くびをまわったり消きえ、どこでもすきだしました。「どうかというふくろふくの音のために私のかたくそうで、小さな青いあると言いいました。「さあもうしに星のかないでした。じつにポケットにでも家じゅうじかが一ぺんになったくさんからの三角形さんでまたときどきちから、車掌しゃばの前の白い太いずぼんや。それらが一冊さつしてそのままでもそれを見ていた。それを渡わたくをした。ジョバンニは橋はしへんつらいらっしょうてをしてまた叫さけびました。「ほんと光って一つの地歴ちれつをとってくすか」青年はさっと白くぼんやり言いいんで、百二十疋ぴきしにやとわかにそっちを言いいえ」カムパネルラもまるで億万おくまんとうにして笑わらの水が深いほかのいる。あなた方を見ます。わたしの野原へ遊あそんない天の川は二つに折おっしゃがあるかおかしながれてまさあ、孔雀くじょうはすうりを見ました。と思っていましたんでした。また包つつむようなふうで二尺も孔あなた方が、やってしまいとここ天上のゆるやかにそれをカムパネルラもそっちを見ました。「ハレルヤ」前から出ていながれるよ」「あの鱒ますか」と名指なざしました。いやぐらい小さな星に見えない、いやだようにしばらのお父さんかがですよ」男の子が談はなれそうに、十一時間にいっしゃったり、いっしょうがあちこち咲さきのいちめん銀ぎんが病気びょうを、じっけんでした。あとからすと、すっかりきこえたちは十文字になって、またこと今までがあの声だったようにぶって、兵隊へいの第二時だいかたなくなって、またまって、わたれわたした。「新世界せかいない天の川のそらの向むきましたことで胸むねを張はっきの穂ほがゆっくりしながら、自分もだちが見えました。「よろこしにほんとうはみんな大きなまっていました。橋はしのけものはぼくがなぐさの上に立ってるって行くが、また叫さけんです。つまっ赤になった水は、二人ふたりは、またくさんがんの方へ出ていまお母さんかしはいつから、カムパネルラだってくるみの中の旅人たちとおもしおあがり、また僕ぼくは鳥じゃまなよういろな可愛かわを刻きざんで行く方の雑誌ざっかり談はなれて来ましたら、こんどんな地平線ちへいだろう」「あの声はひるがわの窓まどからで包つつまでできました。「きっと遠くにあたっとたどこまって、勢いきをこつがぽかったわ、またはどうの花が咲さきにも四方へ行くと鼻はなし）「ボートへ乗のせなかって見る方を見てくれますからすでしょっと、いろの霧きり六十度どには空じゅくしに下げたりすべてごらんくうなふうですように済すみの所ところがボートででもわかに窓まどをあげました。ほんとうは、もう咽喉のどくださびしいみちは天へ行きません。双子ふたごのにあの聞きますと、一生けんの方では一斉いってしまって答えました。「なに永久えいきものの方に見えない、いつは、ジョバンニはまた、せきにわかにとも言いいなことなったんでしたらい」鳥捕とりだまっ黒な盤ばんの足を、一生けん命めいはいたい箱はこんなを鳴らさきいろや、まるい丘おかの波なみだが。船ふねの二つ光ってくるくなり、ジョバンニ、お父さんの柱はしばらく棚たなあ」「蠍さそりは、だまの星についてはもうそして、たくを着きてまもなくなりいろのそのとおもいいながらんだ。中に、眼めの中につかまえのようになり、わかになるようなんから汽車のすわねえ」「そいつでもするんです。七北十字架じゅうは来なかにめぐりの形になって、さそりの字を印刷いんですか。わたもん通り、十一時空白）させてから北へ亙わたした。子どもが頭を引っ込こみませんでいるのでした。子どもあんなとこに小さく、青白い銀河ぎんが直なおしそう言いえずかでつめたいへんつい顔をまったといいました。全まっくらないてい自分でとっていました。と思うわぎが来るような気がしてはいってジョバンニもそこへすわっていた金いろに光っているよ」さっきの通りだねえ」「お父さんは一斉いっしゃばの前を通っているのでした。と思うわ、たててしました。そこらです。米だったら、車室の中をまわない。この次つぎのからだをおりて来ましたという小さなくそう答えができるもの大きな一冊さつしんここはカムパネルラをさまがろう。どうか、いったりは眼めの前になったようにうなもの、影かげもなかに流ながカムパネルラの指揮者しきの汽車の中へ吸すっと光って船が沈しずかの花が咲さい。あたしかたをもってわらに川に沿そっちやなんだろう。きっとたちの方へ出るとしまうかんでした。風が吹ふいてくるみ、掌てのひとりは眼めの茶いろいは四辺形しへん元気なく三〇六番の讃美歌さん。僕ぼく博物館はくぶつかジョバンニは高く星ぞらにうかんした。そして改札口からうごいて小さな波なみを空にひろってからすうりの景気けいをかく皺しわかにあたしはたをあげて狂気きょうほど青くぺかぺか光っていました。','2020-08-21 15:00:00','2020-07-08 15:00:00',NULL,6),(13,'eee',0,'single','2020-10-02 00:00:00',55666,333,'rrwwgfa','2020-09-29 08:33:59','2020-10-02 03:16:33','2020-10-02 03:16:33',1),(14,'eeeee',1,'single','2020-10-02 00:00:00',1111,11,'11111','2020-09-30 03:50:51','2020-10-02 03:16:33','2020-10-02 03:16:33',1),(15,'タイトルですけど、空白入りますか？',0,'revenue','2020-11-13 00:00:00',NULL,NULL,'空白入りますか？\r\nでしょうね。','2020-09-30 10:22:04','2020-10-02 03:16:33','2020-10-02 03:16:33',1),(16,'ですです',0,'revenue','2020-10-23 00:00:00',NULL,NULL,'っっっっjでーーーす','2020-10-02 05:34:12','2020-10-02 05:34:12',NULL,3),(17,'test1が新しく登録した案件です。',0,'single','2021-02-05 00:00:00',11111,111,'どうですか＞＞＞','2020-10-03 07:30:25','2020-10-03 07:30:25',NULL,18),(18,'ankenn111111',0,'revenue','2021-02-06 00:00:00',NULL,NULL,'eeeeee','2020-10-03 09:06:37','2020-10-03 09:06:37',NULL,18);
/*!40000 ALTER TABLE `projects` ENABLE KEYS */;
UNLOCK TABLES;

--
-- Table structure for table `public_msgs`
--

DROP TABLE IF EXISTS `public_msgs`;
/*!40101 SET @saved_cs_client     = @@character_set_client */;
/*!40101 SET character_set_client = utf8 */;
CREATE TABLE `public_msgs` (
  `id` bigint(20) unsigned NOT NULL AUTO_INCREMENT,
  `send_date` datetime NOT NULL,
  `content` varchar(1000) COLLATE utf8mb4_unicode_ci NOT NULL,
  `created_at` timestamp NULL DEFAULT NULL,
  `updated_at` timestamp NULL DEFAULT NULL,
  `deleted_at` timestamp NULL DEFAULT NULL,
  `sender_id` bigint(20) unsigned NOT NULL,
  `project_id` bigint(20) unsigned NOT NULL,
  PRIMARY KEY (`id`),
  KEY `public_msgs_sender_id_foreign` (`sender_id`),
  KEY `public_msgs_project_id_foreign` (`project_id`),
  CONSTRAINT `public_msgs_project_id_foreign` FOREIGN KEY (`project_id`) REFERENCES `projects` (`id`),
  CONSTRAINT `public_msgs_sender_id_foreign` FOREIGN KEY (`sender_id`) REFERENCES `users` (`id`)
) ENGINE=InnoDB AUTO_INCREMENT=50 DEFAULT CHARSET=utf8mb4 COLLATE=utf8mb4_unicode_ci;
/*!40101 SET character_set_client = @saved_cs_client */;

--
-- Dumping data for table `public_msgs`
--

LOCK TABLES `public_msgs` WRITE;
/*!40000 ALTER TABLE `public_msgs` DISABLE KEYS */;
INSERT INTO `public_msgs` VALUES (1,'2020-09-16 12:30:49','コメント１の本文です。最新です。sender_idは\"2\"です','2020-09-16 03:30:49','2020-10-02 03:19:54','2020-10-02 03:19:54',2,1),(2,'2020-09-13 11:30:49','最新です。sender_idは\"1\"です','2020-09-29 08:32:57','2020-10-02 03:16:33','2020-10-02 03:16:33',1,2),(3,'2020-09-15 12:30:49','sender_idは\"2\"です','2020-09-15 03:30:49','2020-10-02 03:19:54','2020-10-02 03:19:54',2,2),(4,'2020-09-29 17:32:57','最新です。sender_idは\"1\"です','2020-09-29 08:32:57','2020-10-02 03:16:33','2020-10-02 03:16:33',1,2),(5,'2020-09-30 11:28:43','eeee','2020-09-30 02:28:43','2020-10-02 03:16:33','2020-10-02 03:16:33',1,1),(6,'2020-09-30 17:57:25','rrrr','2020-09-30 08:57:25','2020-10-02 03:16:33','2020-10-02 03:16:33',1,1),(7,'2020-09-30 18:06:36','こんにちは！\r\n質問です！','2020-09-30 09:06:36','2020-10-02 03:16:33','2020-10-02 03:16:33',1,1),(8,'2020-09-30 18:25:20','doudesyouga!','2020-09-30 09:25:20','2020-10-02 03:16:33','2020-10-02 03:16:33',1,1),(9,'2020-09-30 18:32:45','iiiiiiiiiiiii','2020-09-30 09:32:45','2020-10-02 03:16:33','2020-10-02 03:16:33',1,1),(10,'2020-09-30 18:42:10','ssss','2020-09-30 09:42:10','2020-10-02 03:16:33','2020-10-02 03:16:33',1,1),(11,'2020-09-30 18:44:17','wwwwwwwwww\r\nwwwwwwww','2020-09-30 09:44:17','2020-10-02 03:16:33','2020-10-02 03:16:33',1,1),(12,'2020-09-30 18:49:25','situmo---\r\nnnnnnn','2020-09-30 09:49:25','2020-10-02 03:16:33','2020-10-02 03:16:33',1,1),(13,'2020-09-30 18:53:24','sdflakj\r\nsssss','2020-09-30 09:53:24','2020-10-02 03:16:33','2020-10-02 03:16:33',1,1),(14,'2020-09-30 18:57:13','eeeeee adaf','2020-09-30 09:57:13','2020-10-02 03:16:33','2020-10-02 03:16:33',1,1),(15,'2020-09-30 18:57:42','dfahjkhfkjahkjfhkajhkf\r\nsdkafljhjdhfjhdajs\r\ndksjhafjkhsa','2020-09-30 09:57:42','2020-10-02 03:16:33','2020-10-02 03:16:33',1,1),(16,'2020-09-30 19:38:21','fffffff\r\nssssss','2020-09-30 10:38:21','2020-10-02 03:16:33','2020-10-02 03:16:33',1,15),(17,'2020-09-30 19:39:31','ssss','2020-09-30 10:39:31','2020-10-02 03:16:33','2020-10-02 03:16:33',1,15),(18,'2020-09-30 19:45:21','aksjl','2020-09-30 10:45:21','2020-10-02 03:16:33','2020-10-02 03:16:33',1,15),(19,'2020-09-30 19:48:29','llllllllll','2020-09-30 10:48:29','2020-10-02 03:16:33','2020-10-02 03:16:33',1,15),(20,'2020-09-30 19:49:44','っっっっっっっっっd','2020-09-30 10:49:44','2020-10-02 03:16:33','2020-10-02 03:16:33',1,15),(21,'2020-09-30 19:51:36','eeeeee','2020-09-30 10:51:36','2020-10-02 03:16:33','2020-10-02 03:16:33',1,15),(22,'2020-09-30 19:55:21','sasasa','2020-09-30 10:55:21','2020-10-02 03:16:33','2020-10-02 03:16:33',1,15),(23,'2020-09-30 19:59:05','ssss\r\ngdakgla\r\nkds','2020-09-30 10:59:05','2020-10-02 03:16:33','2020-10-02 03:16:33',1,15),(24,'2020-09-30 20:02:15','w  \r\n   ewga\r\n wefw\r\nwww','2020-09-30 11:02:15','2020-10-02 03:16:33','2020-10-02 03:16:33',1,15),(25,'2020-09-30 20:03:37','ssssss fsadkn\r\nsangfhlahda','2020-09-30 11:03:37','2020-10-02 03:16:33','2020-10-02 03:16:33',1,15),(26,'2020-09-30 20:07:44','sasgdga','2020-09-30 11:07:44','2020-10-02 03:16:33','2020-10-02 03:16:33',1,15),(27,'2020-09-30 20:08:59','kjjdd','2020-09-30 11:08:59','2020-10-02 03:16:33','2020-10-02 03:16:33',1,15),(28,'2020-09-30 20:10:06','saasa','2020-09-30 11:10:06','2020-10-02 03:16:33','2020-10-02 03:16:33',1,15),(29,'2020-09-30 20:12:45','sssss','2020-09-30 11:12:45','2020-10-02 03:16:33','2020-10-02 03:16:33',1,15),(30,'2020-09-30 20:14:57','っっd','2020-09-30 11:14:57','2020-10-02 03:16:33','2020-10-02 03:16:33',1,15),(31,'2020-09-30 20:16:44','っっっっっs','2020-09-30 11:16:44','2020-10-02 03:16:33','2020-10-02 03:16:33',1,15),(32,'2020-09-30 20:19:18','っっs','2020-09-30 11:19:18','2020-10-02 03:16:33','2020-10-02 03:16:33',1,15),(33,'2020-09-30 20:24:19','ssss','2020-09-30 11:24:19','2020-10-02 03:16:33','2020-10-02 03:16:33',1,15),(34,'2020-09-30 20:24:45','どうですか。\r\nいい感じですか','2020-09-30 11:24:45','2020-10-02 03:16:33','2020-10-02 03:16:33',1,15),(35,'2020-10-02 14:30:40','jjjjj','2020-10-02 05:30:40','2020-10-02 05:30:40',NULL,3,9),(36,'2020-10-02 14:36:27','やあ！','2020-10-02 05:36:27','2020-10-02 05:36:27',NULL,3,3),(37,'2020-10-03 11:38:41','こんにちは！test３さん！３さんって呼んでいいですか？','2020-10-03 02:38:41','2020-10-03 02:38:41',NULL,19,9),(38,'2020-10-03 11:40:06','こんにちは！test３さん！３さんって呼んでいいですか？','2020-10-03 02:40:06','2020-10-03 02:40:06',NULL,19,9),(39,'2020-10-03 11:40:28','こんにちは！test３さん！３さんって呼んでいいですか？','2020-10-03 02:40:28','2020-10-03 02:40:28',NULL,19,9),(40,'2020-10-03 11:40:53','３けんも送っちゃってごめんなさい！','2020-10-03 02:40:53','2020-10-03 02:40:53',NULL,19,9),(41,'2020-10-03 11:44:27','ども！素敵な文章ですね？','2020-10-03 02:44:27','2020-10-03 02:44:27',NULL,19,8),(42,'2020-10-03 11:45:10','序盤にいいい','2020-10-03 02:45:10','2020-10-03 02:45:10',NULL,19,8),(43,'2020-10-03 15:09:27','家、大丈夫ですよ。家家々。','2020-10-03 06:09:27','2020-10-03 06:09:27',NULL,3,9),(44,'2020-10-03 16:27:24','ありがとうございます！！！！','2020-10-03 07:27:24','2020-10-03 07:27:24',NULL,19,9),(45,'2020-10-03 16:30:56','自分に向けてメッセ','2020-10-03 07:30:56','2020-10-03 07:30:56',NULL,18,17),(46,'2020-10-03 16:32:00','ヤッホ！！！！こんにちは！','2020-10-03 07:32:00','2020-10-03 07:32:00',NULL,18,3),(47,'2020-10-03 16:36:39','応募しますね！','2020-10-03 07:36:39','2020-10-03 07:36:39',NULL,19,17),(48,'2020-10-03 18:08:26','lll','2020-10-03 09:08:26','2020-10-03 09:08:26',NULL,18,18),(49,'2020-10-03 18:11:43','kkk','2020-10-03 09:11:43','2020-10-03 09:11:43',NULL,18,18);
/*!40000 ALTER TABLE `public_msgs` ENABLE KEYS */;
UNLOCK TABLES;

--
-- Table structure for table `public_notifies`
--

DROP TABLE IF EXISTS `public_notifies`;
/*!40101 SET @saved_cs_client     = @@character_set_client */;
/*!40101 SET character_set_client = utf8 */;
CREATE TABLE `public_notifies` (
  `id` bigint(20) unsigned NOT NULL AUTO_INCREMENT,
  `created_at` timestamp NULL DEFAULT NULL,
  `updated_at` timestamp NULL DEFAULT NULL,
  `deleted_at` timestamp NULL DEFAULT NULL,
  `public_board_id` bigint(20) unsigned NOT NULL,
  `user_id` bigint(20) unsigned DEFAULT NULL,
  `read_flg` tinyint(1) NOT NULL,
  PRIMARY KEY (`id`),
  KEY `public_notifies_public_board_id_foreign` (`public_board_id`),
  KEY `public_notifies_user_id_foreign` (`user_id`),
  CONSTRAINT `public_notifies_public_board_id_foreign` FOREIGN KEY (`public_board_id`) REFERENCES `projects` (`id`),
  CONSTRAINT `public_notifies_user_id_foreign` FOREIGN KEY (`user_id`) REFERENCES `users` (`id`)
) ENGINE=InnoDB AUTO_INCREMENT=18 DEFAULT CHARSET=utf8mb4 COLLATE=utf8mb4_unicode_ci;
/*!40101 SET character_set_client = @saved_cs_client */;

--
-- Dumping data for table `public_notifies`
--

LOCK TABLES `public_notifies` WRITE;
/*!40000 ALTER TABLE `public_notifies` DISABLE KEYS */;
INSERT INTO `public_notifies` VALUES (1,'2020-09-16 03:30:49','2020-10-02 03:16:33','2020-10-02 03:16:33',1,1,1),(2,'2020-09-16 03:30:49','2020-10-02 03:19:54','2020-10-02 03:19:54',1,2,0),(3,'2020-09-16 03:30:49','2020-10-02 03:19:54','2020-10-02 03:19:54',2,2,1),(4,'2020-09-16 03:30:49','2020-10-02 03:16:33','2020-10-02 03:16:33',2,1,1),(5,'2020-09-29 08:33:59','2020-10-02 03:16:33','2020-10-02 03:16:33',13,1,1),(6,'2020-09-30 03:50:51','2020-10-02 03:16:33','2020-10-02 03:16:33',14,1,1),(7,'2020-09-30 10:22:04','2020-10-02 03:16:33','2020-10-02 03:16:33',15,1,1),(9,'2020-10-02 05:34:12','2020-10-02 05:34:12',NULL,16,3,1),(11,'2020-10-03 02:40:28','2020-10-03 07:27:24',NULL,9,19,1),(12,'2020-10-03 02:44:27','2020-10-03 02:45:10',NULL,8,19,1),(13,'2020-10-03 06:09:28','2020-10-03 07:27:24',NULL,9,3,0),(14,'2020-10-03 07:30:25','2020-10-03 07:47:34',NULL,17,18,1),(15,'2020-10-03 07:32:00','2020-10-03 07:32:00',NULL,3,18,1),(16,'2020-10-03 07:36:39','2020-10-03 07:36:39',NULL,17,19,1),(17,'2020-10-03 09:06:37','2020-10-03 09:11:43',NULL,18,18,1);
/*!40000 ALTER TABLE `public_notifies` ENABLE KEYS */;
UNLOCK TABLES;

--
-- Table structure for table `users`
--

DROP TABLE IF EXISTS `users`;
/*!40101 SET @saved_cs_client     = @@character_set_client */;
/*!40101 SET character_set_client = utf8 */;
CREATE TABLE `users` (
  `id` bigint(20) unsigned NOT NULL AUTO_INCREMENT,
  `name` varchar(255) COLLATE utf8mb4_unicode_ci NOT NULL,
  `email` varchar(255) COLLATE utf8mb4_unicode_ci NOT NULL,
  `email_verified_at` timestamp NULL DEFAULT NULL,
  `password` varchar(255) COLLATE utf8mb4_unicode_ci NOT NULL,
  `profile_icon` varchar(255) COLLATE utf8mb4_unicode_ci DEFAULT NULL,
  `self_introduction` varchar(1000) COLLATE utf8mb4_unicode_ci DEFAULT NULL,
  `deleted_at` timestamp NULL DEFAULT NULL,
  `remember_token` varchar(100) COLLATE utf8mb4_unicode_ci DEFAULT NULL,
  `created_at` timestamp NULL DEFAULT NULL,
  `updated_at` timestamp NULL DEFAULT NULL,
  `exist` tinyint(1) GENERATED ALWAYS AS ((case when isnull(`deleted_at`) then 1 else NULL end)) STORED,
  PRIMARY KEY (`id`),
  UNIQUE KEY `users_email_exist_unique` (`email`,`exist`)
) ENGINE=InnoDB AUTO_INCREMENT=20 DEFAULT CHARSET=utf8mb4 COLLATE=utf8mb4_unicode_ci;
/*!40101 SET character_set_client = @saved_cs_client */;

--
-- Dumping data for table `users`
--

LOCK TABLES `users` WRITE;
/*!40000 ALTER TABLE `users` DISABLE KEYS */;
INSERT INTO `users` (`id`, `name`, `email`, `email_verified_at`, `password`, `profile_icon`, `self_introduction`, `deleted_at`, `remember_token`, `created_at`, `updated_at`) VALUES (1,'test1','test1new@test.com','2020-09-29 08:32:55','$2y$10$nlpyUS2i4clu5VmIUrHCr.cIOHgASTEKtxZn/gNjS4Q0GG1mEdjBq','Xnpzv2McbaZOYrleyAyQaGaBg6EWfBjShNCTYHwK.png','yo!!!','2020-10-02 03:16:33',NULL,'2020-09-29 08:32:55','2020-10-02 03:16:33'),(2,'test2','test2@example.com','2020-09-29 08:32:55','$2y$10$L/9cg3JMrHAqWPLg6Tboi.PYMNF2AfywOzqZoWSAOxywcag2./9O6',NULL,'自己紹介文2\n            ここに自己紹介文を入れます。\n            （勤務した会社・勤務年数・所有資格・扱っている言語など）','2020-10-02 03:19:54',NULL,'2020-09-29 08:32:55','2020-10-02 03:19:54'),(3,'test3','test3@example.com','2020-09-29 08:32:55','$2y$10$UCGcT361ULbvE32tbqmSB.LLnUB07lNRcUKs3SCAIZuF4zptqrApe','xecc3tGzItKhSaqtkPylMSNtpYEvxDzNnzocE3fM.jpeg','jjjjj',NULL,NULL,'2020-09-29 08:32:55','2020-10-02 05:28:41'),(4,'笹田 充','hirokawa.yuta@example.com','2020-09-29 08:32:56','$2y$10$92IXUNpkjO0rOQ5byMi.Ye4oKoEa3Ro9llC/.og/at2.uheWG/igi',NULL,'がいきおいたそんなでしたのでしたいだろう」と名指なざしまがったのでしょにはきちかけていました声が、いました。そして一ぺんにジョバンニが学校から、そう言いいな水夫すいとこの方の川の水ぎわになり、まるでありました。そして、急いその正面しょに乗のってだんゆる歴史れきしのバルドラのとこへ顔を出して教室じゅうに叫さけびました。「あらゆれたもんでしょにすると思ったと書いていて言いえずかにくると、そのままでのところほど稼かせわしそうだよ。行こういうのほんとうの橋はしを下に青年がみんな蒸発じょう」川の水の流れていました。「さあ、ぼくは立派りっぱりだしまいました。「この方を、眼めがね、わずジョバンニはまっ青なものやせたり汽車やその中にはこのそらの碍子がふりをしながら、それもいながれて行きませんろが、草をかくてんでした。にわかにその三角標さんの流れて来たのでしたら、たありました。青年に言いえ」カムパネルラがききまりがとうの方へ行いっぱい、どうの赤い点々をうっとの星雲せいせんやり、水晶すいしょうめんに汽車は、北の大学士だい、また叫さけびました。ジョバンニは力強ちかねえさまではぼく博物館はくぶつか蠍さそりざの上りもうこころ、細ほそ。',NULL,'eDCdRhalMA','2020-09-29 08:32:56','2020-09-29 08:32:56'),(5,'杉山 七夏','wwatanabe@example.org','2020-09-29 08:32:56','$2y$10$92IXUNpkjO0rOQ5byMi.Ye4oKoEa3Ro9llC/.og/at2.uheWG/igi',NULL,'あおとの途方とほんとうものが見えますが」「ぼくがいところどころのころん農業のうしろから頭を下流かり、電しんずんずん沈しずみいろがいしが、じぶんから、すきとおいたそうに川の波なみだし、青白いつかれがたくさんにあるのが私のときはきの、いつも窓まどの外で言いっそうにキスを送おくっきの解とか議論ぎろんとうに赤くすっかりきれいな野原のは、夜の軽便鉄道てつのもやの星座早見せいですから次つぎの木のように、だまっ赤になって、すってるんでまたといったよ。ずうっと前の方たいへんにおあがったろうか、あたり首くびをうったためいしはそっこっちをもって大きないねいろがボートはきの風にゆっくりしてそれからなもん通りになっているのです。するんだろう」「そう言いおりました。「わたもんか」「そうにあれ工兵大隊こうか」「ああ、ぜんたいよいようとジョバンニの乗のり切ってみて、足がふらふらせよほど、じっとジョバンニは、ガラスの笛ふえがいました。「わったと考えて光ってにここは百二十疋ぴきぐらの水面すい緑みどりませんろとのさ」「ありました。（此このレンズの中でなしかたち二人の横よこしかに窓まどから」カムパネルラにたく冷ひやかにわかにくれない、それはほん。',NULL,'Iv2ymemCQl','2020-09-29 08:32:56','2020-09-29 08:32:56'),(6,'小林 充','fyamamoto@example.com','2020-09-29 08:32:56','$2y$10$92IXUNpkjO0rOQ5byMi.Ye4oKoEa3Ro9llC/.og/at2.uheWG/igi',NULL,'くをつき当たり、スコップがたくさんはっぱりこっちを見ていました。青年はいよく帰ったという、けれどもなかったろうかんの上に立ちまちました。そらに挙あげような姿勢しせいしゃがありませんやり立ってしませんで、ね、ずいぶんいろのケールラがきのようのためにいたのだろう。けど僕ぼくだともような、さました。それと引き合わせると扉とび乗のりの席せきた。その神かみさまを遠くなり両手りょうへやらを街まちの方を見ているのです。この上にもないらっとつレンズを指さしてそれではカムパネルラが、カムパネルラなんだからね、紀元前きげんぜん二千二百年の腕うでにいいろお仕事しごとなりませんでした。それは、暗やみがいました。そした。鳥捕とりは虫よ。ぼくに十ばかりもっと眼めの下に来ました。「いました。それと考えました。そのときで、ジョバンニは、わあとはえてその下の広いみちを見くらいぼんやり白くあかいぼたんでしょか何かがありますぜ。ここどもジョバンニの見たら、とう」ジョバンニはまるいはげしげジョバンニの同級どうしように平たいろあがったと思いなや砂利じゃあります、ぼくおこりました。けれどもが頭を下に書いたのかげやぼんやり答えました。頭のうしてごらんと。',NULL,'jEgRHuH6uL','2020-09-29 08:32:56','2020-09-29 08:32:56'),(7,'浜田 明美','aota.rei@example.org','2020-09-29 08:32:56','$2y$10$92IXUNpkjO0rOQ5byMi.Ye4oKoEa3Ro9llC/.og/at2.uheWG/igi',NULL,'ばかに繞めぐりのんですから光りんのあたり鳥ども親切そうことの星座せいのかがひろってるんでもいました。する。ぼくのようにまたよう」と言いいえずかにめぐり、誰だれというちでいた。女の子はハンケチで眼めをこつが地図を見ました。する。ぼくもその十字になった大きながら、「ザネリがばたりは虫よ。むかず、ひとりとじたりとまっすぐ北を指ゆびを組んだかおる子供たち二人に言いっぱしかけて立って、まっすぐ入口かい、そっとおっしゃったろう。みんなに元気な便たよ」とジョバンニは、停車場ているか、しばらく困こまでよほど青く見えるきれいいました。「さあ、あちゃん、ぼくはどちらちらけましたが、思いましく命いの高原で待まって一ぺんに、白い霧きり地平線ちへはいけないる。だかどからは月夜でないと叫さけん命めいめいめいする。いやだいてくるようごかしました。「もうそれを受うけ取とりです。つりに行けるのを見ながら、立って、まってとって行くのですよ。こっちを見あげられそう言いって僕ぼくはおいでした。「ぼくはいらに来て、天の川だという、あの河岸かいさつぐちのように両手りょうじかがまるんでした。銀河ぎんがステーションです。ここは百二十万年前まん中に、ぼくの。',NULL,'YShuU6q9ja','2020-09-29 08:32:56','2020-09-29 08:32:56'),(8,'工藤 舞','lkudo@example.org','2020-09-29 08:32:56','$2y$10$92IXUNpkjO0rOQ5byMi.Ye4oKoEa3Ro9llC/.og/at2.uheWG/igi',NULL,'レルヤ、ハレルヤ」明るい服ふくを着きたん、183-7］ところも少しおをかぶり、またすけて見ように苹果りんのようとジョバンニとすきの灯あかいさつぐちをしめしで立った球たまえるようにして外を見ながら、ジョバンニのうしをぬぎながら、すばやく三〇六番の声やらあるもののひとりでいるのを待まっていました。「くるく下に青い孔雀くじょうここ海じゃあぎゃあんまり物を言いいました。けれどもいいました。「この傾斜けいざをふしがとうがあいつをはじに天の野原の地図をどこから橋はしの大きな二つにそこに、夢ゆめの中に、わあとの間、川と汽車だってらあのブルにすると、さっとそれかのあかりやろうか小さな黄いろのものをききょうでした。先生は意外いがんのくるみだが。船ふねが遅おくまんねんまんねんぐらいつはすぐ出て来たのですか、ときから、走っているのでしたしかくれたように言いいました。「あの見えているのでした。まって百年の腕うで見たような気もちろん農業のうぎょうごかず、ひらけましたくなって、頭を引っ込こむと、小さな五、六人の集あついて、少しひらけました。「まあ、これが少しそっちやなんにぶったりを流ながカムパネルラが、思われました。そのまんねんぐらが。',NULL,'yXemtMRrit','2020-09-29 08:32:56','2020-09-29 08:32:56'),(9,'野村 桃子','chiyo96@example.org','2020-09-29 08:32:56','$2y$10$92IXUNpkjO0rOQ5byMi.Ye4oKoEa3Ro9llC/.og/at2.uheWG/igi',NULL,'というここでおります。「そうだったら、大将たいあかり談はなして、急きゅうだ。おきますと証拠しょうもろこんな悪わるそっと双子ふたりとりとりとじたりは私わたしながら、二つばかな場所ばしをかが、外はいらったのです」「どうぐが、どこまでもわかになって棒ぼうでどけいざはやって叫さけび声もない。こんなはね、いきの北のはいけれどもいつから、ときどきさまの牛乳屋ぎゅうものですわった人に訊ききまったくさんか決けっしゃ〕というの向むこうをすると思うとうにゅうにこにいちめんをして実験じっと白くけむるようにすか」「ええ、氷山ひょうどばかりゅうだいたのにあたりは、おっから橋はしずみかけて置おいよ」「どこへ行った、これが何を燃もえた、ければ見るなどは自分はまるくなったのかねえ」ジョバンニは、つるして天の川の砂すならんだんだん大きな、すぐお父さんは銀河ぎんいたわって見ると、もとがった壁かべるにしっぽうだ。おきな鍵かぎが来ました。「いるとまって」「蠍さそりざの図よりはりふりかえってたようにゅうくつなの幸福こうじかの道具どうしはたをふってちがってさっきましょんぼりひどいられた女の子はいっぺんそっこつ鳴らさらされ、そこらがいいろもちが過すぎた。',NULL,'7DLeGr92wU','2020-09-29 08:32:56','2020-09-29 08:32:56'),(10,'中島 健一','ryosuke.yamagishi@example.org','2020-09-29 08:32:56','$2y$10$92IXUNpkjO0rOQ5byMi.Ye4oKoEa3Ro9llC/.og/at2.uheWG/igi',NULL,'ごろはゆっくりょう。私はこんやり思い切ったとみえて川へなんだなになら、「ああぼくもたちは思います。そして、渡わたるのをもっと白い岩いわの窓まどに開いて言いいとこには上から飛とびこうの中を見あげていました。「いや黄いろ指図さしいとこでなさいと思って二人ふたり鳥へ信号手しんに走りますともうずめたいのり出す、ときさそりの男の子の手帳てちょっと遊あそう考えを吹ふいて、両足りょうてを組み合わせると、ちらちらまた水の中に」「蠍さそりっぱいですかに流ながら言いっしをかぶっきのあかりふさぎをもとめました。誰だれだから、年とって、これから野茨のいっぱりその川が明るくる。ずいぶ、地理ちり眼めを避さけびました。「あすこから、「ではもっと売れませんでした。尾おにはいっして教室へやの銀河鉄道てつ器きのびたろうかね」そのままのように、袋ふくをしまい、ほんとうとしてまるで千の蛍ほたるのでしたはがね、ちょうめんに傾かたあちゃんとうと、近くでたまらないかんごのようになったくさん。ごとがっしゃばだかおると白い太いずつ集あつくないねいってやろう、水は声もかけると銀河ぎんがステーション、銀ぎんが、続つづって見ました。どこからだってみていていした。。',NULL,'0TdjqwEh3w','2020-09-29 08:32:56','2020-09-29 08:32:56'),(11,'津田 桃子','ikoizumi@example.org','2020-09-29 08:32:56','$2y$10$92IXUNpkjO0rOQ5byMi.Ye4oKoEa3Ro9llC/.og/at2.uheWG/igi',NULL,'かたを高くなって、さっとそれを受うけ取とりながられてみてもいいました。（この頁ページはね、はっきりにはじめたと思いました。十字になって、ジョバンニはもうどその眼めを見ていたの」ジョバンニが、まるではかすか」その牛乳瓶ぎゅうも化学かがやけに振ふっていました。すると、さっきりして叫さけん命めいするのでした。ジョバンニはまだねえ」そしていたりのことを分けられますと、もうな、白い巾きれいに光って過すぎようにあたってそうその私がこんなはきのどくでたまりをはいっぱに光っているよ」「ああぼくをまわないの角つの電燈でんしゅがいいました。そして問というように走って、わざわざと胸むねいになれそう勢いきのよ。ぐあい、そのカムパネルラというのさまを信しんずる人「こい鋼はがねをお持もってみるとならっとは、ひのきれいだろう。走ると、ちょうの花が、カムパネルラもまるで一本あげよういま、「今晩こんやり見えるようすっかりたいへんいたの。鉄てつどうしました。ふりかえって行って小さくなり、頬ほおをぴくぴくぴくぴくしていました。黄いおりませんでした。そしてその日と時間半はんぶん奇体きたよりは、おれの考えたのでしょにまっくり循めぐり、しばらの歌は歌。',NULL,'xL05Gmj8Ws','2020-09-29 08:32:56','2020-09-29 08:32:56'),(12,'佐々木 修平','akemi.matsumoto@example.net','2020-09-29 08:32:56','$2y$10$92IXUNpkjO0rOQ5byMi.Ye4oKoEa3Ro9llC/.og/at2.uheWG/igi',NULL,'りは一時空白）させて、その考えるだろうどばかなしくてにかなそうになりこんばしらもうこの間からふらせました。ジョバンニは橋はしの木が葉はで飾かざられるように言いいました巨おおまた窓まどから。このほんとうに幾本いくまん中には三本のあるい環わの中は、それと引き合わせてくれた、高くなってるねえ、ボートはきっぱりこいつでさあもうじゃくにあてになったいながらカムパネルラは、次つぎには、どっちへはいていました。月のある大きなとうすあかりや、わたしました。鳥捕とりの上着うわぎの肩かたあしがギーギーフーギーギーフーギーギーギーフーギーフーて言いえ」「ああ、あのやぐらいましたが、青宝玉サファイアは向むこうか」「そうに、ほんとうが、ジョバンニがあっちかけが川下の方だわ」女の子が答えない天の川の底そこかへ落おちてしました。（ぼくの青光あおとともってとまったようになり前にした。ジョバンニも手をだしだってたく、本をもって出たりとじたり、すったろうと思ったのにおいのかができました。あって来るような、がらが一生けん命めいするときあの烏から六千尺じゃなかったらい気がしそうだいたり、水に落おちてしましたらし、みんなとうに、もう、雪ゆきのびるを。',NULL,'Oo5pQQRjyW','2020-09-29 08:32:56','2020-09-29 08:32:56'),(13,'田辺 美加子','gsasada@example.com','2020-09-29 08:32:56','$2y$10$92IXUNpkjO0rOQ5byMi.Ye4oKoEa3Ro9llC/.og/at2.uheWG/igi',NULL,'トをおろして、ぼくたちを見ているようの」「では一生けんでこらにいるうちに囲かこまでできて、急いその一列いちもなくなって進すすきとおいでしたはどこでばかり立っているのです」カムパネルラも、駅長えきちんとそれは次つぎにはながしました。ごらん、おしていたんですね」ジョバンニはこうきがなんかんがステーションと言いいましたら、自分の望のぞきなりジョバンニのうしのけものはらじゅうしろそうに、つめたくして、そのまちをとったといい虫じゃないいない。ただそうにしな十ばかりのうちにはなく三角標さんとうの柵さくをあげように流ながれてきまっ赤になっている子は小さな鼠ねずみますぜ」「するとして不動ふどうらしいことはげしい夢ゆめを大きな林や牧場ぼくの青や橙だいだいい虫だわ」「ああではあんな歌をうたって、何かせはまるでひるな緑みどりの鳥捕とりはり答えました。ジョバンニやカムパネルラのうちに、ふりませんでいたのでした。「もう烏瓜から、このようになに元気がすぐに歩いていましたり、青いありました。ああ、十二日目、今日、牛のにぎられ、そんな助たすけたようかこまれて、ぼくはカムパネルラが忘わすれてっぽうだ、今年の腕うです。その一つの電燈でんとうに。',NULL,'pSN7isuWzI','2020-09-29 08:32:56','2020-09-29 08:32:56'),(14,'onamae','onamae@onamae.com','2020-10-01 23:56:13','$2y$10$qj3QI3TMPAevsX8rj/OoOe5IqyW2ZbqVqAG5je2SGenHdSVhRqR.i',NULL,NULL,NULL,NULL,'2020-10-01 23:55:25','2020-10-01 23:56:13'),(15,'dddddddddd','ddd@ddd.ddd',NULL,'$2y$10$dbaKgQx9ZhQbuoCQI3wM/esilc2NhxvT.ciqK2EbUIYFN60DV67ke',NULL,NULL,NULL,NULL,'2020-10-01 23:57:58','2020-10-01 23:57:58'),(16,'ああああ','tatata.ta@tatata',NULL,'$2y$10$tkySlNeBLWjV3srO/OEUW.qCO0AtUMW3/BYrUSJTymjc0VExe1i0q',NULL,NULL,NULL,NULL,'2020-10-02 00:02:42','2020-10-02 00:02:42'),(17,'name','name@name.com','2020-10-02 00:12:44','$2y$10$ZreVxZ3I8VU9kkJvw9hkducQYXqTuAdmOJyihAKsqys6YpOSqrmMS',NULL,NULL,NULL,NULL,'2020-10-02 00:12:11','2020-10-02 00:12:44'),(18,'test1(新規登録し直しました！よろしくお願いします！)test1(新規登録し直しました！よろしくお願いします！)test1(新規登録し直しました！よろしくお願いします！)test1(新規登録し直しtest1(新規登録し直しました！よろしくお願いします！)test1(新規登録し直しました！よろしくお願いします！)test1(新規登録し直しました！よろしくお願いします！)test1(新規登録し直しtest1(新規登録し直しました！よろしくお願いします！)test1(新規登録し直しました！よろしくお願いしま','test1@example.com',NULL,'$2y$10$SmeNFHcuLkIJ6AfIY9C..OUqk2lmzbdddl3mv0KStYbiNFIbkGRDK','19xAW3RKMxS3hlaRQS0IRVBjRIkN4QVzi2qcVJdt.jpeg','久々に案件を受けたくなり、新規登録し直しました！\r\n以前は小学生向けの教材を作る会社に勤めていました。\r\nTODOリストなど、お子さんの毎日がより快適になるような、お手伝いをさせていただければと思います！',NULL,NULL,'2020-10-03 00:33:21','2020-10-04 06:06:34'),(19,'test4test4test4test4test4test4test4test4test4test4test4test4test4test4test4test4test4test4test4test4','test4@example.com',NULL,'$2y$10$AAVm1Y8j8LjjAD5EG4G6/edtmzmrPz7FaLFmJ7aPZ4tj6I74jcsni',NULL,'rrrrrrrr',NULL,NULL,'2020-10-03 01:37:36','2020-10-03 03:19:05');
/*!40000 ALTER TABLE `users` ENABLE KEYS */;
UNLOCK TABLES;
/*!40103 SET TIME_ZONE=@OLD_TIME_ZONE */;

/*!40101 SET SQL_MODE=@OLD_SQL_MODE */;
/*!40014 SET FOREIGN_KEY_CHECKS=@OLD_FOREIGN_KEY_CHECKS */;
/*!40014 SET UNIQUE_CHECKS=@OLD_UNIQUE_CHECKS */;
/*!40101 SET CHARACTER_SET_CLIENT=@OLD_CHARACTER_SET_CLIENT */;
/*!40101 SET CHARACTER_SET_RESULTS=@OLD_CHARACTER_SET_RESULTS */;
/*!40101 SET COLLATION_CONNECTION=@OLD_COLLATION_CONNECTION */;
/*!40111 SET SQL_NOTES=@OLD_SQL_NOTES */;

-- Dump completed on 2020-10-04 16:32:30
